-- phpMyAdmin SQL Dump
-- version 4.3.11
-- http://www.phpmyadmin.net
--
-- Servidor: 127.0.0.1
-- Tiempo de generación: 07-12-2017 a las 17:26:31
-- Versión del servidor: 5.6.24
-- Versión de PHP: 5.6.8

SET SQL_MODE = "NO_AUTO_VALUE_ON_ZERO";
SET time_zone = "+00:00";


/*!40101 SET @OLD_CHARACTER_SET_CLIENT=@@CHARACTER_SET_CLIENT */;
/*!40101 SET @OLD_CHARACTER_SET_RESULTS=@@CHARACTER_SET_RESULTS */;
/*!40101 SET @OLD_COLLATION_CONNECTION=@@COLLATION_CONNECTION */;
/*!40101 SET NAMES utf8 */;

--
-- Base de datos: `admingyms`
--

-- --------------------------------------------------------

--
-- Estructura de tabla para la tabla `clases`
--

CREATE TABLE IF NOT EXISTS `clases` (
  `id` int(11) NOT NULL,
  `instructor_id` int(11) NOT NULL,
  `nombre` varchar(200) COLLATE utf8_spanish_ci DEFAULT NULL,
  `descripcion` varchar(200) COLLATE utf8_spanish_ci DEFAULT NULL,
  `ubicacion` varchar(200) COLLATE utf8_spanish_ci DEFAULT NULL,
  `costo` double DEFAULT NULL
) ENGINE=InnoDB AUTO_INCREMENT=3 DEFAULT CHARSET=utf8 COLLATE=utf8_spanish_ci;

--
-- Volcado de datos para la tabla `clases`
--

INSERT INTO `clases` (`id`, `instructor_id`, `nombre`, `descripcion`, `ubicacion`, `costo`) VALUES
(1, 1, 'Enrique', 'Zumba', 'Juarez', 100),
(2, 1, 'gary', 'spining', 'centro', 100);

-- --------------------------------------------------------

--
-- Estructura de tabla para la tabla `cursos`
--

CREATE TABLE IF NOT EXISTS `cursos` (
  `id` int(11) NOT NULL,
  `dia` date DEFAULT NULL,
  `hora` time DEFAULT NULL,
  `clase_id` int(11) NOT NULL,
  `miembro_id` int(11) NOT NULL
) ENGINE=InnoDB AUTO_INCREMENT=3 DEFAULT CHARSET=utf8 COLLATE=utf8_spanish_ci;

--
-- Volcado de datos para la tabla `cursos`
--

INSERT INTO `cursos` (`id`, `dia`, `hora`, `clase_id`, `miembro_id`) VALUES
(1, '2016-05-14', '16:18:00', 1, 1),
(2, '2016-07-15', '19:05:00', 2, 2);

-- --------------------------------------------------------

--
-- Estructura de tabla para la tabla `empleados`
--

CREATE TABLE IF NOT EXISTS `empleados` (
  `id` int(11) NOT NULL,
  `tipo_id` int(11) NOT NULL,
  `nombre` varchar(200) COLLATE utf8_spanish_ci DEFAULT NULL,
  `apellido` varchar(200) COLLATE utf8_spanish_ci DEFAULT NULL,
  `direccion` varchar(200) COLLATE utf8_spanish_ci DEFAULT NULL,
  `telefono` varchar(15) COLLATE utf8_spanish_ci DEFAULT NULL,
  `edad` int(2) DEFAULT NULL,
  `sexo` varchar(45) COLLATE utf8_spanish_ci DEFAULT NULL,
  `email` varchar(200) COLLATE utf8_spanish_ci DEFAULT NULL,
  `foto` longblob,
  `usuario` varchar(200) COLLATE utf8_spanish_ci DEFAULT NULL,
  `clave` varchar(255) COLLATE utf8_spanish_ci DEFAULT NULL
) ENGINE=InnoDB AUTO_INCREMENT=6 DEFAULT CHARSET=utf8 COLLATE=utf8_spanish_ci;

--
-- Volcado de datos para la tabla `empleados`
--

INSERT INTO `empleados` (`id`, `tipo_id`, `nombre`, `apellido`, `direccion`, `telefono`, `edad`, `sexo`, `email`, `foto`, `usuario`, `clave`) VALUES
(1, 1, 'Enrique', 'Diaz', 'Ramirez', '9842106878', 19, 'Masculino', 'enrique121919@hotmail.com', 0x696d61676573312e6a706567, 'enrique', '1234'),
(2, 1, 'Gary', 'Arellano', 'Juarez', '984567283', 26, 'Masculino', 'gary@hotmail.com', 0x696d61676573312e6a706567, 'Gary', '123');
INSERT INTO `empleados` (`id`, `tipo_id`, `nombre`, `apellido`, `direccion`, `telefono`, `edad`, `sexo`, `email`, `foto`, `usuario`, `clave`) VALUES
(3, 3, 'enrique', 'diaz', 'viilas del sol', '76543', 11, 'masculino', 'enrique12@gmail.com', 0xffd8ffe2021c4943435f50524f46494c450001010000020c6c636d73021000006d6e74725247422058595a2007dc00010019000300290039616373704150504c0000000000000000000000000000000000000000000000000000f6d6000100000000d32d6c636d7300000000000000000000000000000000000000000000000000000000000000000000000000000000000000000000000a64657363000000fc0000005e637072740000015c0000000b777470740000016800000014626b70740000017c000000147258595a00000190000000146758595a000001a4000000146258595a000001b80000001472545243000001cc0000004067545243000001cc0000004062545243000001cc0000004064657363000000000000000363320000000000000000000000000000000000000000000000000000000000000000000000000000000000000000000000000000000000000000000000000000000000000000000000000000000000000000000074657874000000004642000058595a20000000000000f6d6000100000000d32d58595a20000000000000031600000333000002a458595a200000000000006fa2000038f50000039058595a2000000000000062990000b785000018da58595a2000000000000024a000000f840000b6cf63757276000000000000001a000000cb01c903630592086b0bf6103f15511b3421f1299032183b92460551775ded6b707a0589b19a7cac69bf7dd3c3e930ffffffe000104a46494600010100000100010000ffed008450686f746f73686f7020332e30003842494d04040000000000681c0267001478524155345f583052624c6d712d4141567877591c0228004a46424d4430663030303738663033303030303863323030303030326435623030303031313639303030303238373630303030623361393030303038366532303030306262653630303030ffdb0043000b08080a08070b0a090a0d0c0b0d111c12110f0f1122191a141c29242b2a282427272d3240372d303d302727384c393d43454849482b364f554e465440474845ffdb0043010c0d0d110f1121121221452e272e4545454545454545454545454545454545454545454545454545454545454545454545454545454545454545454545454545ffc2001108034701e003012200021101031101ffc4001b00000105010100000000000000000000000001020304050607ffc400190100030101010000000000000000000000000102030405ffda000c03010002100310000001a9d963ec130f2bd8408cd8b3fa9df9b8eed703666ac0ccdc3a9da79ba498a0022a051cde8185602dca536a00c1158080280057b00b374a39aa1a2a4d800c0100a80236db4cd77b9e6035a5589c4bd8f13ad6b1ae52bb85b980d62ec3b77a78d9419adcdd852bc4d66dfa37c33f4b88be3d58b5f9973d16074d5b5c309d2a6dcfb1356b3c7e8a8821445041404af600c1a3d564979b3d0455a4519876d88e10ab62f1af3ea58a8e759b79137123db1b0455c76e0a5b6e5fb039e68280d8a581c4cc960a991f1c91a65d5bb9dbf2124bb379a645a661db7a3879d8be86ef3bd20626a73dd454f2f2472e5d097f3a1acf537394e96a32d84ee6dcc99d35a2b812e996d142ec68f5689bd073189202cce7bb1cf57ce23dab42d55516ced7353de3a5063daa89e14ab1b2d76d59b7b64d469dd024c40a23918226452c4c129c5786abb0b5675af97d16227b5365b2956d5a98b373c8a93abfa0c5d979f15db79ff77a658916c3b1df03534f9ea981f9a83e9f4991114b39b637e79445ebf3482726ad6961273776f2c6fc3ae458dcd2c72b031b13b1e6e6e910cc5dab352e0b2f4f22e327a0f8511a9a4d3f7996c9511ae1cd11322ad9da652c129d5c00a979321b35b2eade762eff00277e4e6dec82af6860f42194fdfa09bd6f61b8e7fa8e7b4fa797a20397af9d4bd6156551beaaef5ac7dfac79f4d29b6e6c098b94a94966b54c8549b5e63672e1cb7e8973eff2f73958ac4ab6da9f275b7b28d1d6ead99acbb756e69294746ba25db874e65e223854106b92c836e6494add3c16abb6d67d35d9a1991a3dfa32052daa96b0e9e6921bcb5565cbc88aee768bcce53aae235c9efd2cbeae1ecd69dce0f4ea5c6b93cdcfdec034a9d6713d338d10126e1ef6554cccd75a5855fa2aa18162e666dcb25ba13de5bab85b7c9dce02748317a2c92b3a4559d209546473374c9baaa95981545362364e9e358ab68de54ee5fb7cfdb9b3df1554cdd2893b4a13463ec728166582fad356b5a6bcdaf182a1917ae747251b50398dd6ab6f1e849332b67adfc833cb8f5339b53db88aa573748064f8fb17200065ea305c53ecd7edf3740c9b917d158e7ecf375ebd2767e5d1032b4ab495ad85973670f689b62665e2ea0947a78ad5447ed8c9d6e3ecf2f72819ec02232f4295d4c054d9c374bcfb26d3cb557d35be7a5537ecd686a1b1c13efcea8e4db9a08adb634dac476c7376f1127519f3a64437ab95bbafc975cf24013ccd5af4dceb1963350cb686a5089ad4f3d29459acdcc6d31a2e644545b557a8c7a797befd34722fa76b5cac4d5b5af08f52ac596f3d8a4f0d432a455a25240bd462685d911668068b948a1b0edb168df0c5e8aca10981664e9e35545d71a85aaf15155badb8cabba15d3dc7606f7375152459be77aea3195ac8d7a6d6494d54898f4d57435f1a14f765e6528eb2cf10f17649cb690b6cad65194ed305cd5fd603374841bab55a21bede41b475117320fa439fb09ee3b1ad8b46d66da15955709b8db784d57d89dd3609cfd67739e7deeae2a76ed47793404f519619974c0c9db51416e309d1b342f61d44338aaa43a352a5d2d79c1ed533d558e50a3575d93585174558ac05d141c1a566425141c914dcf0683b31eaf7914710e66c83e7a1dcce2e84f77445997ae2128f6a92a20c7aa0d434ea51a8e9e3cab09d0b2eadae13b55d79d69e456915ce4eeb2c371eaaccb2d7159965b5151f24559e9bf266cf65a0e4db9ece9f39d273f5b51533d401341406a88c51144009808107317237560426f7d5aeac81404470082808a000002a28385ad51ce3997fa7919af9db51790cbd4ef21ce90a8df23e7489d33a2a6452356a3d1a8db320ab43721b8a91cf169cf1a399a6757a3c5971e9d86bd9cfd4012c04046392e1af56a1e02b3037f961cf14cc9d1ea974349cb1d65208a00000880e1aa251153151cd3b1b679cd729951dd3c336ae2d9c7a2fe6df48d6a4f0daa81ce58d515454a00d050105406c33c6e2a43620d7185af66bced8a5ac3e9d952df17a2012c0011920d44f700802662ed0ce5a5dbca552dac54072e86bb98a645044584958c92f38df20da490cb16ae6bc74f2565e9e45735fa62e71267a476a37c693ab258d1c0ab441400000101500118f6135e0b30698c114b16d831152f2caec790b9c3ea74622cd28080000004ab69814349b9ecd34a4d15d6d20344cf6069d795c9d74921bcecd863d8ca3346e25911d1b3abbb0199fb342ff004f1bdf1beb29a48a4cf69658658d65735d36aa82a500040011b1b994aa8e2d470a31d0ac779b22922d306a15ef3ad6a96af9fecb3664e788e88a7710a22800008a020a800dca66b9cab83a8323541c021b14eca948255ace2995ea928d3ad37a0dd644f91d1a34b7c3a092193a78e59217e7acd240f8d2cc95a48d2758dca9c35531ad86a52265fac9b5afac6990b728ebcee6236e08dccd3330b739f8dac75de7fabc9dbd9c4c9a6b92d87e615d31cbf444cca8214001003119bc0f9f87a607c959e8e114e00801882e70ade054b65d6eaf136c97b3079d737ea433e99f4524527570bdf1ba6a4746e9d257c0e9bb0faee9bb2eacf9a6c3e7207a4ddf2a54fd4a2f3013f4d83ce4a8ef1bc2979f70de252976dcfe53634bf5eb91a58ea78d13f53c3e2c9aeba8f3e8577dade54f27d48f2d03d48f2d03d48f2d03d48f2d03d48f2d03d48f2d03d4a3f3140ebf3f9f07d7d0c068f772ab159d85ac52d29f1c4773270a6b8f78ee04477e7002af405f3e07e86be7623d19fe6c2710a4e882808280828082808280800028082808280828082808280828082808280828082808280828082808280828082a000002808280828082808281d8a4c9e77a11327afa66ca8aed314a3b5483a15b4bceab4d66c75c671a46d39315f6f06948b843ccc8eaa953c24b09b384980816602126110a4e3702caf0812c22202c20575986424c0a273f66463ae18cd32e0152699fa284d03b73ce5d0031b0ba9e7f935a45c8aaa78a0dc95454973e9688986b0c33d0ece3ad7091adac2eaf1b25aea2e2ad4954ec8b45675a756b11e35101cd62a286451e930b670016c0182a0811d0b16cd0b49c8c00405011404195e96bed732b92e8d39cb706c2d7b109648969484632423407626cd41bf277a837cc6a669d0fa18c673e9147bd5eb3ca8dc6820a88e96859ad945f0336a20851060a8a02005283529d10b69c7ad44b2d4b2d19f232e15e5449567aa37da8e510824b160ad4add486ed115c90907dfbf92ab683240002a0851005114102ad262597d1cec7a14f6b4b55b592b391046899b7f4919b4fa1ad29836ea50cd9963456ccf80365dcbd7d1760cccb2164b30e0d8067499da4339c4dec9dab3ab6957d4aee8e4634009ed57960864a6942356fb12676ae454d47984804802b0256ef23f2686d3d247c8eaaad73326ccbb9d16b48018d2d2b83302fe8606a5762d2d6ba3d3e77a2c2403318f00115695bced28bae399c1edf022f720abd37565ce5ebd4877e0c7d5c5b89a1e3b00979d99d257d1f3306b67eedad7bdb5b114b2534b3234db12ebe4992862805420f4da5edcb675c3a2d6b5a2cee5fb5e266ad6db34792d597a9eb11b85e3d00b3a4d5278134e635f0f4abf97a11c5e776bc5f47be5a8b6d54d21d1f352aa12ec495adf7654b1f768735f35ddf23afdb3b206931e6eb08c0d39f8e57d5c799b3cae11539a9993b2339b9f664b742b6c92b9bbbaaada2842059ad4526473fd47471dfd1df3a96d46808c3986d5d8e6bb1a10db81b4ec67cbb2a1853adc3376e4452d5b398cf4b79ef0e962eb61599722adbc7a13f374b5c599da95a06c71cdcd753572af5a9ea5d8745532f621c2b4d79d6f6474a732fdaba3caa6a18d674dd34fb98b1651b639bc56010e8d9e676b534417211efa7d31670d347a973da9723bbdd3011c7427350c9d5e2413603ad9272549291f6454aecb9c9a3d6466b3640ea8399e8b88caeb6ad2970de9dea1a427656ce38f57aae076f4cba38b36ae69fafcd5bd1ea477f2b35b6e866ebce1a9a0d466656ed0e6d709bd056f52f11b728c4d8b98d00756ce6746de96ce25d4b6a2c3c8e78837f94993f444e627d0b30479dadeb55c049356b3d11192dc0cdb1a4f16b48eb7c59a394e994ab67270a669435e1d5ad9375e9a52d2215be682de854bb9f968ba4c9320ced0ab453d08e4e886ddab025b50739d0b5b30e7745a675ee626cc8f6b9369a34eed1e0d6d4f9abecd4b42c95581074b52565e9dd2991c951b5ce9a7ce7067db9c51b7286f76195f6f0eaf4d5b358d774646e0bb0945fcb962c234ac57b5e74ca8a9db9c3956d39aedf1daaea29cd88f9d2fc2f13cd9a76372c495e1eba072595ec4569065aeacd91749cf42c6eaf9be92d6966e8b79d61f49c9ee742d9117a73a705a87875c9b352dfb3a809a02918de228943264d40560a8a15e67e64ad2209e991be922d49ce7469005323923e49d1bb52e71e4b1c95769c1b393bfcfa4af46e271b72adee9b55d232598c5797520b94ad6ba57b1cb72c1a141cc5d156b979997a8c9394d8cfbfbbd705e75975b639adcec66a37ba328eadda78564d8827f435403aaaa636b1944b692a5d5aab33c22b05685648e012ab2b27ab4b1eccabf7796e96de36e433d300a6d7d5d4f3a2c5863cc5b8da7ce654ddfcfd0e7d0af633d2c2d48b7746e6a98ae6dda1434b32f5f3ca2fd2bd24f566af26dd8ab69e401251a5b743577e6865223c5e833a9d6dde4fa6b56eb586ef18a5dc97b5a454f46d154465e4694dcd9d07f5f6e32e157ba038dbbd22a3027d81a820bd8c8e776b9ee976dc58e4e8b00457d8ccd8f2f29858b5ca9f2fa70f36db329264a2ad64cda28000056c9d7c3bab55f76866f32d26ed19d9ba596df45202cc010008258e4d158a776b744733ad0e5e7a75d3665fdb34c1e8f1766d03bb7209f3d0b95d0e0639eceb2dec716b9955974c2a83ea179ab42bb9577293c7e9b134ba3686f66e9694a11b76b5609f87992949cc73d43b197d167769ce76d953454e2d401000c673bd2f3575bda389b8457b06739cba8c756dd3a73934c6e9952069267b917ac6558d274db9e7541cf6a65f2ec9b98452eb6ae56ddc66bebd8f4f74ccd3a02bdcee8e94ac566a4b13cf4fbf0d567cf1cec6d7d51bc16ee2a4ec59f2d2d7d2af635b1ae9729d6a74f17cece58072bb9b7cef450ae2414bb31b71578f875b851592e99f0335f0119752f41cbdfc6b6b9c975b68e6b6759b711ba3a9855e5c7847babce0df469833a5ad48b48cccceacb39693728d99905ea9a9ad6f96b1b1bf1cc9d97856f4404552ab2f1fa4ad9473e6bcb1395d2b2c6b488e34a809c40b250ca2c65675ee34d952de655a5d25ecce76e6b320af6aac126899606a19af45f5ad6111e76b2ed3c6dfea32f47a6d8b1a568675526c1b5edda8e994adba928ef942445c219112dba24adab5cdba0e923cdbca6863f5d2eeb83d7dcc5e8349bce6b6f5751c9be88a8ac1141a0a8250ad25aad91639b3ab0f53a584f37a5763e7244cfa59d6c55c96d55bad5e3d0b6ca88cb056197a5cd54ef3ab584adddc720e927e5f426735b44dcbb0528e8b25656582b82b0b581d95aa0582b81766cc11b0b912c9a69400d7bdcdac9d95ae16f38eb31225e88c9b9671aaf7d790b9b69d226232def52c15c95dd14b1965b1373f5735d152e6e3e7d36aa508eddf8b38a2e32ba53b2fa6e14eb540b05702ca5702c4b484f524c7b0968149118a29d38a0000a020a800a020a020a020a020a020000000000000000000000000000a020a020a0200000000002820a020a0202820000017ceb69f4f0f2edd58e3a28bb57648e61fe81938efc7276d7a74f3b4ebb37a39701da7a151810f51113891f5b1f3f5f2f2f716e74f3d3d0c179b1db530e65be879951c69d493af2c74e4d73074e33983a803965ea00e5dbd9ad65c4cfa3b3d1cbcc33becfcb5e517d08cf6f3d3d080f3d67a2a079b58ed7343958fd079ce8e5c076a586b1e1ecb253e7ee74dbf87579f1e84230f1f4723d0f2a19cb99f458dd83070d5d24b4a37ebc4587839bab9bd7c553632f636e5a376b598d19b64bc3ea0000b0d04efd2592f1d2a769cdf3acbd466d00cf711460080aa8a16a9ada2722c59a9dfe5eb250dec36900c3a8690d4c8e644e6cb5249bc82fd2d71e7dd76a7570eb444f8f46c438f99cdddd3da145ca5191ddfe5aeec5998744d229cbe8e6be5a953d7d8c1de33cbcddfc3df96ae8d2b9d5c31c96b3b1e9de9b9cb78746c08b97411c806243d062327d4e52d5c48d08d10123500602b41cda8a2b7d0c361e7999db387d5c3637695fc3a50209b752ab777e5d0c1e8a8a78fad950b5d350baec3ab1b37521edf36a4956e73f788b361d1b90cd8b7961eac157bbccd9d3e7fa6e2f4b9a5d1d38d30f625a2e723a4e3ba91cfcd747ce5e4598ac76f972569e2cf656b8db9d3730ce5eedd563b9fb1cc7b9ae5a9767c7aa49aaaad34482c4b10acc92a231a4e8a874af3728d70ce67a7aae6d8dcd552671275f9e5fa0b596fd78b370ec29db835c356f66e971fa38f5e9bf5ca3b3d0c99eb94e92dcb7f17d3f19b677e1c875ce9f69c36e28df7a2f3f4e557b9a4ce72ddae7d5f57ce74a8f3c4b515be9e2c7487533e8ad236befc96863f5e63631e2c3afa07d4b5cbdd250ba35c0d8d4c75adeb10cd3699da34c227c5bee346d316b31a2260988e25ace776f9c056acac40eb78f5d482ced63d3970744d97524b18717595da6b6cae97334eb140cf0c2658b3dde6e326ee70ea239a3ebecf23d771f74362bbe2a0e4342134dcd4e4fac71424b39750b36864a73c3b252e619d254bcb39606f471bb5a8431a744ea17793bdbc87659a5644d1c91a904e057ea31776b373507235306b32423ecf3a580d18d3374b4a5c3b29bed54579fa95ecc3004ce27aae51bbdd3711d826f9ebd8709cae871f4b573583d64d5c86c5f5a723aba73cbb14ecd67b797764c75e6ea4d12d6af71c8ebb8dd82654933b49184b95ab522a0c6f19daf37ae19ba14a1eae1d2d0c7b386fd0e7644fc7e8a3237ad15d1d912741cbeb0b4abd3a1af324b0e7f5f0cf56c2d4f45a5149c5e9800ccf9e3458508a1056739993c653aee5f5412be5e62b2cc6cb6fab9682ecc2e32a1eef9ae5f4306ec3265d355cb7b56ded7ce6f4e3dc655ebab2e59bd4e615aed648e5004ea45a11350ce8c0b30c28d63ae8a698cb9f6e69be6a3dbc6d716755cb74d8754b155bd2f939abcbb616ad57e8eb38b32ea67b65eb315ceac79f267ad8639ede66b35d200e1995af875395776e48ba37d99b5358bf8b73b393cec6b4b7515277f51cfad7af8f898a5a99f4ac1768c740a834ee9399b3597a03f8fdf3097473f42a4648c4e952d854f996f479eab35ee88a92d64576ba79f9070ba7b981bca5b4354673f2ed8156ca88accab88cdf8b9f68f6a0a17153a3b53851b3a775ce75d9025ea8b4abd3afa48973b332956ad2c86d682293b222bc6c0416c4b45a4b2b3e21e867dfa39e8805a5922905acd47ac53aee4b5ab3e8a39237288d68a65ab234fa1a04df3f1747993a645a935812c83cc63f2073d9c3bcab544570cccd607cd47b5515d7b77ac8a1b0d2a241834a80878b56972f1c524ea43352554e42c5540dd5a4d5547b27410035a9eae5f2f4c75ed43d1958aef54ab82d24962913bb66a5c3149236b8ee594ef5635e4644e668ac42d48e6ba34004daaa000ac6f1db5929dbbf43495e880f3050111400501140000054734ee7f7f90a2054646cea566a4e8de9b99d7d71e878b96a846d9239dd14037aa5b6f9fd7968a76e556fd2b867447368248de8d09e2764ec32cd2db9f57a4e23b5ac98c951281d22b48e09a0004000af631d94a0b36275877158f39cc6ba2ba200a200a2280000000e6b9aa7ca6b653b2d44f8bab99a7951d2e744bae4f6a0347b5e112a286f24d4b83ae1afa39dbc453c4cd7123b95063d9352bb2c73f2eb7685c774f1d1e839b7d476c8d521404c000456853973b64122980e7eaf554078a5b071744d7b900450a7b79a3d254510000000a98b4b1585c9d2c53b15b1e8a34278b4a6b9efbce12cbc70c362aa6aae70fa3c7ddc0e5d3472f4205a52ab6eb7573e854b0aa60976f2ee1b7a95de2ec8efe6bfa78c63e9dc6c749c66a38e815049400114040029c3a4c646f8d42558141f1a2851d74504144228000306ac209c85888a6ea55b3375227c3cfd59cf9b47af9a9dbdfbb58e064d9a13b568895693c6a2d7a7e7fa4e739a56c50d39e8c882d57e8c2ce867ea6bcdd4729d967561cbd9577276456a4a0cbd1bd74ce843aa355ba7e6ead67d9252bc920a802a00a8a020540b662cacd52194140400002ab11179f1697390592e1adaf32ba10eae6c5cd42cd4cba2ef57cf54ebe1ea71b36105856ac74476a3d1cf5a8aaadf53cdf4fcde39e7ebe3699bc54b5336943ab93677e3ed34b8ed4d39f6b9ae9b9acaece0743958f4c32d67ed95c973553d12a5806d98d1cf44bcc6dd677045428010e76b01850f460f95d2d8aa1680100316ad1cc1a1649b52180ab90d401d2d4b7cfd34a169b3948d2a1ed406432c889ae2a716f9b62beb6f1b3cf018e4de0ad6e64865702075736b2818dd009bf0861be2481b400390009ec826b0832e6e03c5c0020000000000015b0c183823582b8310061080596871f7672875c0a002009da61cd4a073eb9fd1875e1fffc4002f100002020103030304020301000301000001020003041011121320211422310523303215332434414340426044ffda0008010100010502a31fad7cb2b5b52ea9a87c46ead56d52e52817f4d128ddbb6cc70632943f8ee5e55d0377fc75d65ca2041daea1d694e034faa7e816538fe765a510364b4cba7af4fd3d7d9a5d4add5a16c4ca7416a5c9eca2cead0cea91b3eb98b7d97f7b2861663edf92a5e03bfe3463c4514b3c036ecde03afab75b5326a69bcfa81e7751479550807f9966b81e30d8725ebf45e66d1d7a3e9d7f3aadab98e9ba374961de54aa89f81e9579656c939b082d8083a86d876749f6ee2428e531e827b4c090f86d32967b58706514d2495508321cdf6aa845b6d4a52ae776985fe9b3704dbac71f29a83e08b3fc5cb07716d5ce7c4a7c2d3b01f848065f8b36d0391059079d3fe254cf12954d2ca43c652a77d0d8046bf61c98cc5c59b7698adb83fb0d1d82bedd2b510b94408332fe85587574eac9c914210f7b6131aef9f4d6de8bc6f457fd7b6f2abbd29ca5de6059b09983912766a93827e3c8c6168d8efa03b45b251b358485072977390c61b1cc261b21633978f83898d00ee220f060d2f501acdf854178453eaf2edb5684d999bfe5237cb9f4d7fbd106c236dc71ad3d16252238b139fbe9a487f89764f03bde22e4deb065d6603bfe0c9c7eb0eca4ed198b156fbba3b684f38aa49a31fdcabb0ee7b1123652cebdb0e45a8f559cd1802aeaf5361fb267d87863aad14b5c6ecad3146f93319b8654b5785fb81141c97c9c643556dbca2fe82d547da9937af4c797d42702995f83328e5370469569ff00aa112c6db463bc55de555f9ad380ed775ad5afb2d8b5aaeacbc951da576adb2c4e75dec28b91cdac5ce63db8dbd42c1bcc35d9335f862188dcd321392746b309082ecd6b674cab5ff712bd8d790fc6af888bc17b08dc25cf8d14f21d861f32fa4a59bec653f2769ffad6db063c8b1d80495a4aabe03b6ec814cf731ed6f6da84d764faa79a0b784a5eb6a6f0e5916c0f42883c0fa9b7b08980fcb174ceb0d993a5d5ed301f9e25c9cc38fb86c413d4d7bf52755415656d473a2556a5c9db7a735baa0421f157ccff00daaafa8d6d7d361e4a2ca2bdbbafcad991386a6d413a91afe03d4d461e36a500de9f033ace7955d42b1bf87ac9af16deb63e99c7ab973e9cdc6dd3a63f91b28067c4ff00983f6af33d1d7b9c6ae666315ac37211e8479b5d544757d38956a3245bdd6a70b2d4f7d5a7fe958225de551773555b9ecde5b906d2a8104370dfa2ef151534ccdde262f86c4a5a538eb49660ab42ee655573970fb382bc71e31e239ef3e256fd3bb4b7c593213ccb9ba6ff002342390c446e9f45e1ad868f4abce4f540430740f29c920f65a9cd22aeda04f747fd6aaf910388d5dd503dad933c6cce16749ac8aa140a98c18f3a0b2940d97afd49f862fc044e6e06c323fa5178acce7db1aaa384b6ade3a7198afd4a211be8e37599b306cea63ebfd3f51d0a831a811ab6596a0a8577078ca18557363c0771ae426cddb8e3dbadb72d21b95cc7c437f27ae9e31688a8abadf6f46ac6aba546bf527e76a1debc6fde11be8adc96ff007e5263ca5fa4d6e3f8c4fb56b1216b71624b2d52acc105bef6c17e193ae7565a8aacead7d999506a0af255b9ab8ac1d50b526bb56d5d325b642629e4bbf966e2b291f674b7276217dcf72a46dde549ceff008edc9fbb76a4855626c5a9fa6a8e50a5eada58dcdcecab84392d992d69650eb55ed54b9432290eb6abd2ed71b016e2bf2586e059b10790d713ed3f61975471dfc184709564739b10c333623210cb5f9bdcc7953fd2a7eedfe0a1e49438e048517bbefeda92cb5da2a05848130e82bdd47b8ebf51b3863786d11f83c394e263d3d1198e027237a8000d389598f73e3d92fc565975becdc1d2c4e63e9b6f531b5c9fb567698d854b4187482f423abd1663ce496063d39d7119f9ce8b54b5a16cacaa36c5aec090df11b9c6b093562124d15b2fa1a257457577653f0a517826b9e7ad963c4f897b6e13a990d8f8ab8e2db5684151b6ced23795ddd03ff2dc4a6e87e9b5c6c30b192c4985670cbd6cac5b58a7200e9644e9e4ce1953865cdb3272cd9ea6f1172d4cebd4d332aea5871af586ab88c2a39dfb6f28ff007dd79a04260a6e31b0eee18d6d1d239f4cf55734e59867f993865c097ce36ce174e19105161b352c11158bb7418c5c00f17e9b46c95ad4b6dab52f977d79d8f367dcd64c6a5e1ac4a321f1e25c9626f37063d1bcbe92a6b71657aefb4eb56275ea8726910e6d620cfae7aea20c9a5a020c64568a8a9af42da6d2f964263662dc7d74c7c4e94db4e855cb6e20baac39942cf5d4cf5c93d7573d6d13d5d3064a13aed3ea2ff628c7f094aaeb91982a8793ba75370b6cfb937b446a2b33a044fbab3aab38ee0d225753abf4cede44e518071867826fa1de3adc43d17c34ce824f4cb3a004e13899c36896e408b976caeeea7e06ccda3e464987a84bd49bf4e74960a019d05d96968b86c60c2ae0c74100d869c7d46781b69f132b30b14acc18fb408617507779d3b1a6da910d0b075e555f11a1a94ce8ce8b2d801ecda1506363a18d8cc2152b08061aa0a808aa4caf1c2f63d8a80e54191b9d1ab578f5159b086bd8f12c56b022d2cd171d44000eeb1fa75e2270a633855b4db9b13082c6b2849d5b4c35738142ebb4da6dd89776db72d516ce606bbcdfb1a8531a8612ba4b4540a3b33adff262fedd8f42b46529129678952a7e1fa9b9e92675e812fbed8280d3d539851ac8aa17b769b4da6d369b4da1112c2901e5a5b743624c5fd7f3dd70a2a20f39ff0047c7611bfe3bf7bf317a487eebca10256ebb3ebb4da6d36d769b4da6d0884456286cb771a503a1950fe52400f6fa977fecd17f5fcd73f4aaaf1c1500003c91f17af81a6d369b4da6dd9b4da6d088443d97efd3471621efd8e83b326cebd91bfb745fd7f3669df5a87be1f30af12201369b7e122187b701b64ee3036d09dc0ecaff0059b6f64aa9e5a73527b779bf68d0b7572f55b488ae1a3af2020fc86187b11ba597dfb4dbb6ec67575b558b7205736825f3a85175ef6ca70fa9113826a4cde6f01ec1326de8d35a70af5da6d11e100c1f90c30f65cbceac5bbaf47e5b68aef0d896d50ba19baca313cf613002f3a33a4b085583b336ce593a0ecda01f94c30f6e1de71aef9fc57d9d34a3ace756456895a276585c0adcba994fc42761b962341322e1454808cad0760fce6187b2b50cb45e71a0fc2543681f22c3b64cdb2a6d9936cc9b65c3664d701dd605e0ad146cb2c6de28834b2d5a51c9bddc7ded46a3f26f379be861875a7e657d4c64475b17ff0087b79364259a0100d3232971c578c5cdf570990fd328eaebdc0fe0de729ce739ca6f37d0eb759d24c6dcad55f51b6d86487c27a3252f5fc24ec2cfa85691f3725cae7646e99e8606046a44da6d36d3233b69818c59a30e43357a4558d24776f37eede33400b1e98d9ab2b379bf73b977c5712a4e0b1d05882a2869ccf3f82c4b6d3d033d3987144e83d671f7ea77596a52965f6654e0bba8d9633045cdc9f52c3fa57f5edde6f379bcdf4de130f928bc468f50684153da3f5947d45e8955c97acccab7042d89564d98d2bb52d5fc66a05bb6fcc4a27befb58f15c4a7deeeb58bfeac8b1f22dc879ff8afebdfbcde6f37d0ca8799c84eaa89d758f6071da3f48ff35daf5351f55062bab8b6be8dacbb81caa7a3355ff3bbaa2dd9af6c55e314711664229fe49c56f63da78fb13f69ff00827e9f8f9b4e6d3a8f3aaf3a8f39b4e6d39b4e6d39b4e6d39b4e6d379bf6726139b4e4d37337339b4e6d39b4e6d39b4e6d39b4e6d39b4e6d39b4e6d39b4e6d39319b99c8ce47bb79bce6d39b4e6d39b4e6d39b4e6d39b4e6d39b4e6d39b7ff00b9e8533a14ce8531eba117a155558ad37e8a4740b3d2513d251061e399e871a7a1c69e871a1c3c69e9289e9289e92896e152474527452745274ab9d2ae745274ab9d1ae746b9d1ae74ab9d2ae746b9d1ae74ab9d2ae746b9d1ae74ab9d2ae74ab9d2ae263a3b0c3a00f4944f4944f4944f498f0616319e871a7a1c69e871e7a2c79e928999556978a53634a71c5aa874f4e955bd0a67429d77d824b2c98fe5ec5e0f68dd3441d87b6fab97e40379b6df868ab82f6afcf6e60df280e51ff5a9e1032a84627b36eabdf66f0fc6378b326be4aff1a28d86ac37eec8ab89fc29e62bf18c791efa02f7f2da7333999ccce70f9992a7d4d5574d72d3840766a2ee2721752765febaacf954da55a255fe7e9ccce66739d49c8461da46e2daba6ddee76151f3ddb42cab3933b6cc26e744a59e254a9f86ff000a3c8cc1bd3b1101d8e3db00e0ed67938d67518f26dbce8be462f9aff13d96573d5cf591ef5b159b840e3b882e6af9ed6b5541b1a0ac98a02c27789535912854fc7b6e3137e8e5fe90a03a32d8e8952d42ff00eeeca4ef527dbc8fc6f8ead1d190e8e9b406750c16c0eb18fb039595f1db43e21b233933fea57b6801635e301f9722ce15d69d24650d2cc72baafb51ed5ae59797b186ce016298b2cacd6f8dfd3915974aad1757af1de703389ee201166343e347afba99bec0d905df6898bb9889c44af1cbc55083b8299d39d39c48ecabefdbadb40782b6ea5f674ed3b98dfaad3d560a144babea2637f5cb11a8b06663156cf4873ad9666e528a32efb6dea6524ab391c940615dbb6cad6c0f4b268e9379f1ad1b461c86f37da0524a2710abca55404ef092db6ba17d65b6ccabaeaabab3b289f5b709fc8cfe47161b4e73781dd7b72c956de1702603ef46a1789d12aaf97111e8426ea3835a8d8d722f52a7ac18a2da6266a6e5779b6ddb6e3cf896a41f0a85b4ab4b578b2d6601b4aea3614ac20ed0b2cb6ac70d9375d128552a8cd3ea0dbde98dc51719004a2b01eaae0007713c553c8bd4e980e16fef1e438962f217d7d5a7e9176e84031a8531f1cec16ca2559496c29db6542c8e850bd7e42b19d3313c69c77d2aa79c0028ec0bbcb2dab1c1c8bae95d0030a098b52acbede853889ceca57723c98c773aa8f6b2699cfc6857db475e0fbf12a792cd8f6a430c2195b7f499a0efab22b4bb13905b6ec7896a5ea576ec650e1e864d2ba9ac271446c6610ee253472ed0bbc3c525993639ab1bdcb408001afd5adde257c1291ec411bc0d40dce8e3c673f3bc0e6c8dcd6e5e49f23e9d66f4e8c3680efaa1f31c79b5379914f3afe9b77571fb19034bc1a3328fa8ef360c3b0a299f1a900f685da5ff00515ae58ef69c6a38d3d8e78ad5bdf935d700df479fbdfa20d6e7089bf2342fb6a6d9a11c5f0dfa792bf108de0e14961b6949e314ee0f9d1943041e9337b72f17d406c5bd6534e5d32acb4b4b2edda72d37a9fab5ea177965b5d0b79c8cb1e92e131b01b976fd41cf0aa85a9620d1df6140f601bcdbddafd4adf1f318f0588792e40d8cc5bbab56962865a1b6246d2cf6ba7cc65df4b105a9d2cb8e99289fe54df2a7572e7a8ca13d6da27af596db897caf22ca2294b93e3527ef611fb3a059765718ab5871994acf5ad3d4e44eb65ce7930fa89435f70e8e4caa828f0268e7c5fee30ed5a56e0aefa31f17bf56fa46f6dc74a3e2c5e558f2302ce0e1fc7310bef32c9e75b8be975e698f673af472aaa6c59d433203984de93d45f0e4df3d6dc20cf78b9d5981eab61c5a6250d435392b6ce023015a97ddfe9adc98208ee952d8f65f3d3a6df6aa0d9d588d9ed0e5dcd3a96cf274c776aaf1d79b5d00d5fe69f7ba0997787897320f570650272ede14fc4a576add8932b1b24238bcab379a6d646b6e58492712de95ac20fb59487c687e09de5dfdb1e8478f43242a0c6ab69b40bbcaedb2b8b6d96aba2b8b1ada52ec9bed4e46545d5a9b2fbe743cb648516645af0a924788db58817c45a8baae22cb5156a07620efa9990fc6aaab0a99b7f46aacf080c4a19e597d58a376b1ff00eb9e29b1dab4e474c8f0e0723f01774233b8c028c88f88d31ad2e9989ec470756f899113a708ac86502594abcb2b6acec0c4adac898caba3b84097ab4bf138ce9cae8e6deda2a5b347a51e3d0c9388837dd3198c4a9122aacfb7b5e07295eb64fedcaf15a5acd917578861be8a63db6dd388e3b70346cf65d18ed1178ae97788abb6b60f0f31fafc1eeb12ef0e98fec8be46b97febfcf6100818c80ead4076b713c62b9647a15a222a0c87ea3d341b22a845d1e9478a8a9dbc796544f8d2eb3826257c29cfb8b44166cef65ad58f3a58bc8630f377efd97ff56810b03e43cc3fd25a1a9032bfca4d5be5d7925077a3f083bcd86fa74537dfcea5d160756eda3739317e239f19b7f17aacb7222a84d1bfb506c215e2651fa5a3dfd967f5a7e95d66c2100561c5ae1eec3fd211c85b5cc5b7a9468fa53ed3d9cd77d6ebf9dbb6ddb97b888cdadb8ea42374dfb313e07ce8e7c96ea5b52f0ae37c7ef64c7aa65573fe57b74ae5ec61e1bf5c5acd88aa104ca4f362ee707f4d329262370bd0e8e3c46f6e6eb916f001391a6915087c87a15d03d8917675d05ecf3833591f255651902ed325367d58ecb8a36c641a1f1332ce14515eefa5edc69ad763455ccc3e45ebc227e8c375953f2d1d7fc63f18838e368ea1d5d4abe27879ff001d79a3eeb2b7df43a6578b75ca4e498d5f159eaaae5d5ae725d1abddb95fb3fdc1eaa911b3963df65f2bc5bf6746a2e46e68d5f27d720ed4a8e2aa3612c3329f9df8abedd32cfdba693638000d3353950bfacb5766a7f79cfec37eb47fafae455cc639dae8908d8e4a6d6613fdb43b88e265aef8fbee34db7006c332d2aa953d9060de67f1d913f8fc99fc6e441f4aba2fd31b61f4aa841f4cc7112a4ae647c66ff7d636afb1c73b57cb69638554dd822f14d1aaea381b7664ff00ac36e9f0f63af25a3f6847b5ff004c6ff5bb1ead9e27cb897a72ae96e9dea76308dc32ee283f6bb33b70f896ee941f6fe0cb7de5ec1f23fe6fbbeb50df25068e7c67b6e285ded1e4b8efbffd7aff00af1872a2ea4d6691b20059b21784b3f4ac71abb93e48dc4b93ce35bd5a50e8cbbcdb864ea876b33177a295deb4f50adbe4c1dcf533cbb11798f7e5ca1b9beb88bba696380039bacc45f091fe3b986eb57f5e1fe840315779453d31947eebf93de9f31c79ca4f0aed43d76ad8aadbe999ecb757f665b2f25c4212fc7d09da59974d50fd52910fd5a0fab083ea9419fc8e34cbcf571854fbae7e15e17f5e961d92a4e9d719b7997775d8088bc114783f807b6cc57e2f2ba85425879595fbefef41a11b875e4917956f4deb745799abcf150f24d333c053c864d452d4fa8da91f3f21e71bed830ac6830441854c3875438221c2b04af11d88000c9b393617f4e8073bf7965800baf37c03618cbbb8fdb471e7bb33d99329b39a4c9b788b1e2fb27a8683d53c146499e927a413a1609fe4ac190e27aeaa7adae5997be8a770c2539de41950e9eb983ece1d9bac38f498b5a268f72553d757172aa69b83a3b1585b65bb2c7103cd0bc2ad31e5f92b54766b493b095bf4da860f1eeaeb9eb14c2f7bce9dc6742d9d1b66d94235d92b066319631b654db8aace9bd9670173f19451916c4c0022aaa0ef65568d87518d86e2323a10ea74740eb55f6e2b0b92e6f958ebcd3a16ab2d0e08f897649dd9493b182b26272a8a125201b4355660a517400b1b596b96e73b45af869ff013cd71ef68985171aa4fc0f5556c7fa7112d175162b071cecbeeaf111616d19d561ca58729a1bac339319c8c17388329e0ca58b6a36af8d55b0e047a6fae724b232f13464bd0ea52e5ed6a51e36208716c898a625289dc137976704500bb2a8a21b1ef65c2b4c4c3a127c685808726b13d5cf5667aa9eae0cb582faccdf7d379b870f80b12a4a50b6f2cbd523deefd9cc4ea09c87687658b94c22e4a34f9d1ebaed167d34116635f4456d8a674db92fe31e659955532ebecbe287b255f4fbb65c2a127fc8d62ac6c9f0d7bb6bcc4ea89d51030336f101222e4bac5c95301de2b4b2e0b2cbd9f52768d61eddcc16182c137ec0c5626518b6a3e81e5b8745d2dfa658b075719d3351e6de3f05b7a552cc8b2d94e05cf2bfa6d2b37541c898582c6ca11af76d39013ab0b9ee04882cec576589950b163a359f837d458607075df6d16e748992a62b40418ca185bf4dada14bf0cd798ad0104763e5224ebdd79a7e9a4caa8ae985b685a36422c6c97309de1204364e45b50a78cdfc76f220abefd9ea927aa48d900ceb2ceb2ceb2ceb2ceb2ceb2ceb2ceb2ceb2ceb2ceb2ceb2ceb2ceb8106589ea927aa49ea927abae0cd5589f5449fcc533f98a27f2f41975b8af05fb45fa8b89fc9087ea51f28bcaaca77abea3894cfe6289fcbd31beaa91b3834f5493d5a43940ceb2ceb2ceb2ceb2ceb2cebaedd659d659d659d659d659d659d659d659d658b94b3d5573d527ff00b9f4974f497434b89d369d173050ec460ded3f8fc98f8b6a1f4b7418b698d8f624153c145849c4b80e8bcf47719e96d9e92e830324cfe3b267f1f933d25d3d25d1706f6870ef53e92e9e92e9e96e9e96e9e96e9e92e9e92e9e92e9e96e9e92e9e96e871ed53d179e8ef9e83267a3bb7fe3b267f1d933f8ec99fc764cfe3b261c1c810e2da27a0c98d8b724e83ce8bc14584fa3be1a5c128c22e15ee3f8ec99fc764e97343f20736ffb4d3b40a103643e43d786ab054ab1bc6565c5940979daaa5378e7856aa657405ecbaadb4a53825dfdbf8a94e6d9b5831d48543ca5e764c61cafedf98f40311db09efac3aba702d29fee8c8d65b8d88bbedb7658db9267e8b8f4913db8f5e55d6e426030ebe977fbd97f2bf158d92ff2516560e4da88107618b5ef6cbeae5f880de757806f7c3eeaf18fd9bda610fb3aef37d4a065ad8e35b7d5184a3f798b59b205d83df5d73afbe969d91a01c65156e7db8d55971b9e27d8cbd32fc64e5fea83769b6f7beeb8f520a9357e50e458a7d40312c5e40efa6411cff003b694d5ccde9c6fc6fd3218b045089a184c2365e604560da5f50baaa9cdb5dc9e31ff00b1cf14aae4c7c77baeb65b428d6f6dd8793557d5238d484b5ee7c8d9a86622fa687ead333c7dac91f6a91ef8837b2eb38e5d56a5c3b1d0387a8a4dc6f55a50b38084eff8796e6b437ba8e232c4afc4a17a995ab41673b1872535853bf4ada6eea197a18db188bc72324fdbad55526dc9a5cfd2a9bdc5139950aab797bb5b62ad8e7e98fb897a75283f731f1ff5940f351e71ab04d394c1fb08de64e345b4c177b7bcb050f64f3bd558a96652f2a036d312ae9d1a5b6ad4ac5ad98cbe65f5ef2c5e55f2f2adcd63a74de5a795ba638e5953ea6ff6a555f05ad3d54e92f141b4e9dd1700b9e0363f672a1941de523612f3d3c351c56300c2abcd1da666e3f4c83b8e44416f6b59b4f981bce151c1743e6632752cd2fc815400f298ec0696b84136f188dbd333ecda731c4506c8989971a914d3849f6e653f5f229497dfce7d3addad96271cad326f4a15bab70c76e743fe958e177c5a839365fbafeca9ce340411ab2822ea3d2dfbefa55f1a3be8dbed898fc980eca69e9697e4ec51787625fed7b43b423eee1e9905aecb4d9ac550a26482e14711976f4b1c4c9bd771b11b156adc595b2f2d32ef746188cb0ee261beccc390b41e777ed40fb8e832323eed715c38d51cd111d5d60d32a817d5b956957c7650bcecad38af6df9058aa841af50bce86f29a4590619972594ca176991674a945e0a40316c7c5b35ccb3d4df5d5a062b16e0660dfc5f4751eb66426ead61aaf1e66c372a38e37c51ba5b1ea579c9ea8ac18683954d4deb7ae867d428de21e4b57c68e3663f1894ec07613b4b6f37c550a3436f91496d2f622aaab155536de7c4cf7f74a2af196a1934ccb8d555747104851c567159c44e3b4c7b85f4c75dde64304a5c35c7e9f6f531e5e38338e8e364d1be2d758b6b343428c235037ea149f223290d8f902f1a101a5959c7babfd74b078a94bd8abc575660ab658728e8f60482a7ba2639006389d148143e6765ecf76456fcc27e8ebbbcf80d787bdf34c66678d46e1b18428cb372262e48a6f8efc21701722e1d53754c30dfa79908de7ff498df672346ad5a363c34142b682d193dd8f902ed736a16535fe9ad1b2ddabb2a23b1c931dd5000f68a7138408175bece9558f574a9d729fa78fc9507514b50fc90bfdc9f51c9e8d5aa58f544fa9344bb1af8f852ca0cc1bf90960e90b543d71c7095bf52a8d5eef3290f1460eba950d2f41ea16d6488eae19379464f33b897da08f88a79007dfbed14ecda5b6a548796412400d904ce33087f8bd8ff0076fecfa8d9cad08a25637b776debafa6aee2b4773759f33a7050a66dad37595d29f54061aeab85170beb640e9901eab34fa63fdaeca3ed59d9989c32369c3cd7718e82c1cca34bfc534a374003d7c9aba78d51e55d79000b33009c59d9ece30ef6c02104c45e09add6f4aba53857afc0b366ba72d9e8a3a7a665dd770bbc18e6250a259935d70d7b423c1129f34b7ec3921a735ebb92c5b51ea4b51fe994c7c1e1313963e57664212899d414f598f05f534dc19654b6a3e2de85712f68988a95bd0d5477e654948f63b4c4ff00577db2f346f8ab63a1ead92a6445557be558aa81f05d4fa6c998f8bd233a8b0e45427aaa603eaafecceb38d0b8f07d3d5a53895506645f65ed5fd3a74aaa96dfa85492dc9bafd2dc74b65f8cd54612887e5ed5f4b28c87c538f955e48d32b1f95753f52aece9a4e9a43454d3d2d53d309d1bc4df3167ac29172e8b666d49d2e95821ad95709f9e27547f239476c6018aeced31a81ea1acaa81ebab33ad92d36cb69e99ccf455c1894082b41361dc53d465aa2a68582062f9739d1875ddf55263d8f6180eb96bbd0e253e2eb3e7504838df53311c58b317d9ab780d65b1df2675ee53eaee833af9fc95b07d49a0fa8ac5cda0ce34dd06254adc561a90c387c67a0b799c1b2d898e8825952db3a54d70e6e324fe4521fa96d3f9469ebef33d7df3d65e425f745b2f8acc75bace955869c289665a067c9a14dbf53b6c84963da99b188b29780ecf70f7765276b11de97a3312e8fecbfb5e9578d8a614290a031ab9c04f740a254f7a4524af75f6dc0bd3c8f99c098b4882b13fe250c62e3010281db9c79bb32d6b7e535b0528231ddfb3e174e52ac96a19db72659ee1d83c68543426ce145bd6a35e5394de15063e34652a4a033a5117cd7571d59c22fab12bb459a950659415854182bf31282d16b54fc1758cf97e5ccb5b8a09b4da6d36ec3ed31bc683cd27e751f08774d3e9cfe74336f1bc0752030b31cac442e6ba820d729feecc5fdbb2cc7de2d2ec52954fc37bf4a941b2e96f96102c5c4b9e3a9473e7b2e5d0f9d29f2adf3aaca8eb53f4b2218657f0c9041d9b6dd9b8016d3766cc5f9fcff517d00de13c63fb504fa75732efe8d6de49d0e87c82363184a4ed6d836ec5f9483461c970edeb6398679055b946fd87e0cc7e500db2a627e61a5efd5be6e493ee7b4eec22661ae87b0b43186da1f9d2e1d96f9ec5f9ac6e8877967873e0fd39f8dbaedf86fb7a4827ff00d406e6b4e9afe5132ede95006c37f2e3645f08c7dc26f37d47611b8d1be57dd41f0741f34c1e19d3a880ee03f4ac077fc999fdb31c0378ad44b2faea96e6fb71797a6fc9f507dec940de5ffada765f9ecdb47f8ecb46cd1e63c6f9d13e69f9b3f65fd6d1c2d9816f3a7f05b92b5354eee23d6b607c6baa9badb3a7e16a4595a7a97d6deb8832ac56ef3e217ead9b751e1f7db71f7766d15768de5a11b4b06d6567cd83748df08dc5ee5d9b45947ece374afcd6e81d1625a71af0438ef4a77c9ecc8c44c89e9b2167a3b6d28022f65d46eddff51bf65242250bc52c6e083da8e74da059d39b6d0f8115779c2640fb84f1be30e2c7e21f7d7b429b4dbc55fbcaac55d2f1c4fccc1c8e8b7e1c836aad39b5593af54ea24e6b3909cd235f4a4eadb90ff86eb968a7dd6385ea5d1fdd65adec6f9558b5c4a19e1c55a56c218d93e670d84c997fee8774bf4ffb4f95e33328e24895fef1914dbe9b684dca2a79f231b336fc45034e8553a15ce8553a154f4f5414543f15962d49758d90e5b6142ed593c557e2ef909b9a692e6bc3558ccb525d69b58c3e5946b903d9912831c6eb1bf6c604dbc3df657ceb742a547be5ebf6c37211915c7a6da3258b28cb34446575ff00e35f94940677b5f711f9587fc8308b79fc4df794d66c7454a10e5d42656475613396d146f3e632ec77056ffeac8fd2a3b591c6cef31ede9581b90f99918fce14218c237c7a0ec3b1eb5b2562ec46a329323f0be5555c3f511173ea896a59f83e25ff00515e4bc9e0a378b522ea9ef369d9045b463a1b0b4e70b431cc1e2569b4b7fb2a1efb3faeff00ea9bef2e13e42cc76dc63e40610aab4b3c3d63950fedb77220b4cea033e756ac3cab35aa80f2ee70587a38d83bcf476ac2bc26359e7b6fc84c75b6cbf2e578f5d7a920436896d8587c4b4fb869bcdf5f96aabd2cfeca4786fd6dfeaff951dd1c6e93e0d4fc5cf86a72f68ac1859fbd1fd7949e41dc69bed05b0303a1f8acd98e68c94bff001742be5d9766c15fbf436010d84eb5fb9e13b9ed329af7d5ff00b294dc9f8b3f41f141d1bc334114f3a434aaf6a893ca51fd792201b1ed5b35640d2bcc6483f1dd6ad28f65b930000436c249ecb5b8a56bc56d3b27771dd80d869f37638f1fffc4002a11000202010401030403000300000000000001021110031221312013415104223032144061234271ffda0008010301013f0182e09c14912d3b5fe9a0365de54a8bf28f08bf06c6ef178dc893a4420e7cb12acd144e2fb89a69ce5cf96e2f3299c91796f32cebc3dd1a6a53efa12acaeb0d5324a84a8e85ad062927d7827863126c51cb7963d482f7212525c0d5896121f64052e0ed8fac6bcea3588cda34b5ef87942cacb79d4d55027a92963e9e74eb1118a433467cd622f32d1deed9fc78a1fd3a25a7281a5af5c32efcdbceaeba8f08fba6c5f4ff0022d089fc75ecc4450de35654b820e98b1125de1e28d4d04f94435250ec8cd4bac45e5e1b3535fd910d1dfcb2314bc7db3abba4e90b6cfb21c212b2a87e2c95c1d3236bee89a7aaa6258b244a4a2b91ca5a9ff85fb44d18d479cac2c35896a57588ea3446565f9b45225a29f445ea4782cb35253f63d26ddc849236af243637f26a6afc61a67de85a924475372b16a51bd09e28da6d28af1a28a36958bc59292893d66fa2e4c4a45145fc906ab82931a8a17f99b66e2d0de6b0997658df839a5d9bafa24e2fb377c239651450e2731e85abc1ea36f923cafc097e29495d9a5cf24a35212144db9a1a1ac683f61792e70ff04dd2c69cd4492dcad112bc59219a6ea42f3bf92b2d96d9c8866bbf61090950b9f2648784b8bfc731743e588ab35ff610842f06e8de6e24c6256c8f10fc6d14c51ac235e16213132f2d8bee1c13249c4b1b340dd8abf14cdc5f8288c6c67b884c4cb2c70b231da8e4716fdcf40fe3ff00a434b69584cdd8b2cb2cb2cb2c73c5147a27a27a47a66c367f7f622692c5143c245629145145145145158a286bc383a1462f0ddbbf0daca23fd1a2bc34dd704a6e5fd4bf3586517865d6392cbcdfe3dc5b392cefc1f1e0c5e174278bfc165e16172f0dd0988633717878798abe8ebbcd9796c5172f04488e1884888c6213189e369b195244a4df784fc1b393749aa36336958ef1788a111243451247784c58e4b658e37d14d636b6708b3928a1e23848621890fac563a1e76e3689676978a28a2a8963d8477843c3f16b0ba1785f92789121159b1763c2ebc99123e35f072703991762c48621f844647c5886223991659b9e61993c23dfc22297b0dd217ebe0c88c688bccf345623c0b0dd8963dfc23d92eced8fe3c194228a10fa3b361b68e0a286f127c09089616512568b5139162bc2ce19d09d95868da25972f828b45f957c0a75d8a3f828a3945a3709f8b65fc6122bca868b46e45a2d168dc8b45a2d1b91687474291bd1bd0e639615168dc8dc8dc8dc8b46e46e46e46e5fdffe4b14f8b3d562bf7287aaf7ed27aed1fc8951a57256c68a1962566c361b0d84fed5c1eb337fdd4565a27aae2cf59d59a5ab29ba28a34e36c72b3474fdd938d72b1a9c6a13211dcd21755992e4ec878f04f8b34797786e8dd8d586e45f07d2fbb29e2268c37f3ec2543f8c6bae99220f64771a7aca797c944635e1633597269c76c4b3d4dd2a46b42d5a3425c563556d951f4d1a88fac45591eb837619a8ae255c8d6e2a259a5afecf29f8bc4a363691abad7c2212daec9eafdbc1a0ea423534b71fe2c498fe9ea3c320e517b5e131f2b1b3fe427052ec9e835d1d1a3aff00f5794f2de65351ecd5d5732316fa21a1f246290e116ec47587c1a9a8e4f8374bdc4df699176b0b15cde67a4a44f45c4d2d6ae19d8b32c4e6a0894dea321a1f2462a3d7821e366fe0868c224a1090fe953e850941e65e3adfaf05a9764351c38642a5cac59235351409372e64297351178a45927487a86fd497429b20ec91287c79d1e8c7e0704d1e9ce1cc45babeec6a3d4ba42d1e6e43827c323a318f58af0b2cd9b88fd3c50a29634c789c4af05451b4da75e146d369471e14c8c3c3d212a1e1f5892c58996290de5ac2745a1cb15948ff0006e852cc90d1ed8449531e1e178244bf02ef115ee4d11423fd1e23f19d45ef89228af0474872f36444354a8a28f6c5923a64843571c4bcecb5f874a3c92658897c1447f543e897649f042643a25c32cafcc9085f6c49c8dccd317388fea2e89f44cb347509f38a1a7f912c42372350926c502a91089443f56409a2487c1a7d8b9b5e0e3675e17e15628d67457163369477c0951d1a5d3204866a234fb21fb12edf83f35e2bf5f087be27d1ffc400281100020201040105010003010100000000000102110310122131201322324151300440426171ffda0008010201013f01c8ed919388a74ccc532bf94b97fca990ec94f68df82645fd326d4571fc94746bc96b89fd324d47af0977aa636767a521aad6bc9bd5786d9128b5d8bc722e7c7146de8d264f1575a58fceb58637223051d32c6d5f8ae4cb1e347aac9b5707aacf54524c9e2fc2abc62ebc618af967111e53d467ada37ae25c92f721e8cfad16b1c9fa4a0a44a2e3fc218bed929ede86efc17842a2ace63d12ef4efcd549125f4c9e371d6b451b14544ffe99256f57e5187ee8e164a35e28bd2cb14ff47b1f23d22a3f66f4be25b2fc9eb0c75a59c0e2992851b4a2bf8597fce31b23048e0e0b2ca257f7a73fe9ed6d1b48a7f46dfd3845e9659df66ce4d944b8ff00492e09f045da2cb2f5b1313d32afb1ff00a1056f49ab13a1f9a1125687e75e35a3118d7de963fe085a3eebf9c74fad717431f95145084744bbfe9637ae29568fc521f0589d8969906bfba42f1ad370f9d1348f50f5494ecbd28a28a28a28a28a28dba5967aa7a86f379b8ddfeffa9221293e4b7d9190e72b315d73a4f24acf52447233732d9b99b996cdccdccdccdccb64a747a9237c8c79257ac64f71b98db4c739229b121be083fdd1668a3d689912972b584bc5af0a251b365691951ea48f52427c917ee1ab249917f4b55f7e49a29695e3452458e65f8ae4bf7098d918d0e544665d33d3dfca3d1fd62c311e044b14a3a2629589eafb28e894a872bd6185bec58624b144f41b249438d13a22f711e55a322f76b195332ab8da314f59e14c941c748cc4f5b252d6189c88e351d1ba5649b6e89fb615a6386e2507120b831bdae9935b91e80d56989dc4f8ca884ad6ad13c3f9a2951bcdec73d23072e88e2485ae597d18636eccaede986348c9d127b22655f6277120ed1923f64e3ff48c72a66685f28c727066f8b36b36b2993c4a44a0e3a4a1485c98f0df66d36b36b25edec7963454a4cf8474d8a3c3381bb664e649197a30be2876b9439ca5c11eb68e3b5d117b912845f662af528dace51b989a7d8f1a90f0a46cb2384a8a1cff000b933964e1ed21b2455197f08439b64f92bf0aa21cb6c9cb73317c86ce1f638ede85ee5c98f87b47d18f89a36df225fa380a343ffc3ff19b0ddc9563c6281b7f0cbed8b30fcb4f94ac93a548afdd24fdac82e3487c86295997e2464e2c6fa9692e2441dc578375af5a3ffc22ef4ff2dd40c0becc92a44a5b5523b19bb927f121cc46a99f64ddb22e993f894439546276a8ceb9b3fc695c346ae4708e19d746e670bb2593f084ac51ad3fcc7d231aa893e644ddb23d939e92771313fa32fc85d8fbd22f8a21f21adb313db23247744ff0df6b59b77e58b5cbeec83748fab36dabf07f13ae4f93b23f21f7ae3f92332fb3e48c53fa642352bd199179438447a19493b24f7ba5d1918a3ecf0ff923d1d2231fb3d336afd297e989453b6c74d1154558a6e1d9096e564ba2b723d236247b4d88d8893fa174659a8a24dccffe1b6e45d134aca5fa6cbe88c76f67c591c6e5cbe89644b8437291b19e99b19ee42c82945e98a7b7814948dba4a2cda4556948964489bb7c8ff59ea247a8fe8f7336c8dace511cbfa4e0b22e09cf77085028a28ad1a4cd8272811ca9f62b5d11cbfa269f839244b2b7d0da5f21e5fc29c850144a28a28714c5ba3d1b18a2ca66d66d653369b0d8cd8cf488a9c744dae88e5fd3d443cafe8efb27bbe8f4e4fb16336336b36b36b2994cdacd8cd8ff00dff490f18e0b4b142d58b11e9a274ba2cbd5b371b8dc6e23cbe4f4d15c5965965908267a6894144b2c7a4e645fd690f88893a43d63a4bca2ed193855a22b484a9e99f56649d162d313fa1125b9d13c4e3aa2c6fc2b4c4f824ed88d94ad906655a41da32cb910b91925cf841d32f831fee93c5f6bf929509598f1ed24ac8c39322f6e909edd71a165e7926ad5af1ddec149a2392fbd3262fb5e6b48c5b210511ba2593f07237bf04462a28e0a44953f0b16919b4472264f1df28ebca31dcc8c544964fc1b6f47e31e07393133d5687252d578e2f9144e0a4355e118390957457ef93d231dcc5147b576513e851f6df83d2cb2cf56429337c5fc8955f1a4142ad8e7f4852689646fb2cbf2ba1cd8f49f288be345e57fcafc1f96fd23e087a3fe55a5ff001c52e2b4fbf05a2ff411f75e3174f47fbac5fbab45a5f9579a18c873cf8ed31bb43e85a3753d17f75a647c51154bc577463e1d088fe0d197e447957fe8b17be625a3d7fecc9c488954f4cf1e487e697fdac9caa2615f7a5e93950a5511fcd19970627c68b93274754fc2ff0095eb95dba22a96add2b252dcc97c5227da32746211032f44be22f05e7f5e3ff7e19b5fffc400401000010202080306040503030500030000010002112103101220223132514161713033425281911323a1b1044062728292a2c11434435360b2d1e16383f0ffda0008010100063f026b7c399aacbc442b2ec8e972f86ecdaa0ecd14de9592ebd864b1768794d176c3b4e4a57a0518d745fbaae7f6449301c4ab6f951f859fe4d50e226139fb985761eacbf871dc28a736138263b92c6e03aaf971a4e8138b981a04afcd45bda1ebd94d5a7c86ca5d816ba8b4ecb540eceaa8e8c709ae7547fe067f71b8ce6a118734194ee13c9d57ea6e4ac3b5357347e1d21603985138ceee41acd4e90561be19763cd40fbd5359d66ec617e255a77a355ba5f6bd3b9f15b9b3574539a8d13cb16769c7372805fe9d9978ca01b90569ee8041f6a0ce0d155122e3c02f88f9972b14b3a3df65c97c5197894464a233534ea7e270b116e6467d7b29a8b173dab9dfe6a06ec5d9f00add267d81aedf874bc275170cdbd14940296b749aa7a8afd4720add24cfd02f87e1770a8b7cae4f1fa537a5503dc9fed41dc0a3407c3974a9946dd7487e8a2d1266060e6a1efda45b85e38a208838662e4d08ad94a6b65a94d494ca8f87eea266f39056dfda5a3a1d85ea7de7e1ccf9b561caab7e0126ab4ef41baf894ba8fd2aa3e51a9cddc5567630a8dac90a2a5c8cd87fc2148dd4d41cdc8aa6a7fe0c58f26097feea20701f55869cfa858d81dfb5628b3f72976116ca906451941c336dc88cc2894feb5c2afd03eaad113e03651e3c4a80bf8dc02c0c7394835bf54d2e7c58647929e791441c931e781b079b53e80f832e8be13353d5a321040bc4043056e3b0aa8ddce153f9cd4d5860c1e272949163f5054ccfd25cd541b367d6a80f5503e19bbf75c8d138b0fd159a5c277e1d87c566b1f55687af2acd549d502a5c6ab23d4a1b700b9a80bd179805830377e2b73b9acb4f140f1067d7ff00ab0945bbaa2a527f4b8a752bbc5f64183ba6fd4ac3ac4c281c2ed8d4e7798aa4e90a9aedc28ec812c04a8c8008b68a4df32b609b5b956866130f252cca2e8499f7e01438f1376066b163a2fab5020c41e37cb9a27b79901e1397feaa2a4a97aa9d5cce4a1efcd735cef4353ce4d56a926efb5e07c14985dfe0a8fa1a98dddcbe1b7d507d11b055874a93eeb1b414d0c109a82a366e6350fd32adb41e1137565edfe41339490563c3473277729b8284e3d1776ff6530e1e8b098d76a8a6ce2c56987ff97b98479e6a0ecc23552f550455bf651568def854137efe559c5c7335eaf65263cfa28b98f01670ea11683141de312775aac333685cf75051cb629ae39e46bb3c1953d9b88d64f998b0c8d6fa2e0e9b6a24c4c549a07456c4ec4d4471ab281dc2ff00a8dfaac27d2ab7446cbfeea070bf8b6f7256da33cd1a9fcca8d5c944e578b2872e2f506d5060b6ee4be6bbf8b56168153285b9bca16fd968f644b499a2e3904ea676a7cea89c915d4c6a89e08bce6e31a98fd8d744fe70aad554549e5728d641c8c91671a3366acaad9db85f3663ce1441885b11911c10653e7c1dc0df3513586a85c8b8c005e4a2fab9000416e760be6980f20506882c94dcb8aa5a4f261172cf179820100a49dec8376a8b466ec2a2e9b94e4775029a78e46a9d463531a86ed95cfd34c3eb5cc294aa3494786198e0540c9ca0e110a0fc547bf954465723bde8dc9e7c02b54de8cd944a0c6c8195a58444eeb115215b9fb04d075667adc23c8134f2bb14d60f008ac4850d2cd874394a611a2e0f98529941c2a20151255a32d822de0f172d37533104d78e22ebe19c2a83f13545a6217cb9b78b145a7ff95c2a0511b28d42bb0c9bfe815a26d38f150cddb28b8fa2a36f352bb4745c35bae127209eff0039418ff7510a06550a26f1d5c8289c827fe21f9d218fa2b141a78bd59764ac534dbc1fff00b4da6a39b986239a0e6e451a5a3d3e36acf0a24f0569d9fdaa6bc66c31511c6e3e83ca62de978cbe5f02a4ad31d650b62c9fbab4c365ea148d81fbacea0de5129a9e3a21fa84102808cd44982b2dc2ddd6c101a1aee278a95469290409c85e7d2f98cba5c80cdf2561bc2a0cf09caa146c9d2146262f74dc57c38c2dfd959858a0190f32809015fca758fb2b14da1d911c2ab741eac59f159d5cd5939b25728a9b6364df8d88745a14085871b365fe0ac063c8a98314e76f84202192a40360a2353668b4fa2c03d4a16dc49e6a0c169df40add2ccab2e6c564b0340bc619ba4106ed72c7858161aa328e6acd14f9f00b779cdcadbbdb75f1a9f51f0ed7a6acbcfcb391d9496364d610bc4c51d610f2d2087adc730f150ff51fdabfdcff0062ff00703fa177e3fa177ecfe85ae88fa2d1447a158ff0aefe262a6ca46f56a85b09aca213f11d9485b1f55a6c7543cb45f7abf11d022ddc291839b25dd151e3b28c4361c0f0586d3ff68583f08ffe525ddd137a95aa882ef99fd2a74e3fa577dfdabbff00ed5df8fe84d753520759ca02e171e09cf845cf31589f0e4d591f5536c55960b23928bbd02b7499f01b5cc268d4e93d82ef5cb327d54c15e6a3f2ecad30c457815b649c26426b871b935ac2ef1abbc0a53f553056a82ef4291589a0ac22cd6e7d011074cb0aee59fd48d26089523448ba90da799d768d1b6d6f05290e4a6e03d57781713e8b2faa9b9a16b5a94a377e18ce90c1596fbadebb1478a93ecad9a475bdd49ee2a749f45ac7b2f015a560a470eb3536877458b01e6b28a949468f35cd4ea9a7511f01ae4a4e6fb29d93e8b135becb2592d2a448530d72945bd0ac14a4f558e8da7f6ad2e1d7b0c346e2b0d96058e95eb0cfaad50e8b33eeb4ac8297d029b88532e3eab8fba956e274d0887adc347432ddeb0858948285a9f25868fdd627c3f6ddc3161fd25430d2f5cd73b925686d7a614a4a53530a6a4a6a0d0b14cdc8b8e6b4a0215cd6e14d45b56eb6539a95e738f00a7a9d88d517180dd4180b687eeb12846d9d9ab031b47d57cd7b9ff65200763075d9a0465d8ca4a535b052bb4347b4cd42eca454d6c3b2146dcdea0e6b5ca54402b54c7e211c382f94c96ee5f35e5dcb8283443a76bc94455062f9c0b79a2c8c6c1fc8179546e7eb73a27b09f66e864d9297ce7f2c82c4eb0366a8223f23015e1d3492f5ede27241fe06e9e6a8eb1dbb9fb051a425c4ce0a0242b8fe52d37366209af19111ed8d10eed9ab9d4cac76eca2f3189e9f9a7511ff008cfd3b63d4d4c02ab4eaa4476d48fe0dc22e4ff2cc7707e13db39f4530736a86976c507335357ce161fcd49f6b9357cc77c2a3f28cd4437e1b77e2acc49ebda39fec8039f1bd3fca3871e09afe3c7b6f98c8af946db7639ab2f91d9cb000e7700d5f129e6fe036bf9dfa1a2f53f9c36bba7187451eca3182b6f306796e62683d560686f4b916a89b91bb68fa04c7d2cdeffce5234f9958a59d1707797b211118551600c67eacd6b67b2d747ecb5d17b2d544b3a258e8c3c7e840fdea8542a80b969e55b7f0d2dd950f5fce527eeaad016a876e215a69883f949a90bbbbce4d5f129cc5fb6ca232546ed9cad372fcd73e09c5d9da5c9497c6a2d0753561cfcbd94d4180bcf2586cb02c5f0ca83da58a20c4762594137713c02ff514b33e1aa053239455a665c47e460a53ec1eef2c82b04cc940545aec8ab11b3494793b92b14f27703bf626d8c3c1ab42d0bbb51665b397cac278b0dfb4f300a03e5d17d4af84d9306a4250aa2e300859d0d450e9f92966a779e79d566931b3ecad51988a85233533ecb705597e3a3fa85698623b40ec88e37a1adfb056e94c4edb2967c0289c9bf52a2f701d542845a3baf98ef4a8a6f4eda35675e579fd6bb4c740a853cb9a8b48214b43b2aad511b2efbab34981ff007eded39c0050a1c2cf32971a89f164106510b30e2a2f71728c6b29bd3b4d47dd6a2b51f75acfbad456a2b515a8ad456a2b515a8accde912b32b32b3ab51f75a8fbad47dd6a3eeb51f75a8fbad47dd6a3eeb51f75a8fbad47dd6a3eeb51f75a8fba992b359acfb0d456a2b515a8ad456a2b515a8ad456a2b515a8ff00df3ddb5776d5dd851f86390507301a439f24ec21690b25dd35774d5dcb5772d5dcb5772d5dcb5772d5dcb5772d5858015a02d01680b405a02d21680b405a42d01680b405a42d01680b405a02d21680b405a02d0140302ee82ee5abb96aee5abb96aee9abb96aee5abb96aee5abb96a01ac0041694708507d188af86f6031d2e5dd85ddb6b895f1dfff00eb1fe6a86e511dada19fe5a2733da0e8a48a1b85fa87d0a83b5373b963c0d9bd7daa1e8a2330a0337180ed6d0cbb23547b0b6fcb85f95e6c3c41734ed8a928fb8429dbfcab89419c5d89c829a61a8f9593f5ec23766b97627b0995001024c4accd5b05cfb1f883364d44546555876929d447c397456582dbf60a8dd4c78e944a8d61171d45d3ece6d92d2b4ab2f62ddbbdf24704ebdcd7f85352aa596eb73d9c0f1503c0c021d6e51d2326f1286ea0c0a83a9bad4fa3e0fc4ded30c8a98ae2df652ab2a898a9152cee4aae6a7541a22a2f9f6b875ba4d419b281516cc5742372a6a8cc24d722a422b19502828b3bc64daad8f51b76902a2cf653aa2dcef3aa92734b624f1aa033af148290ec33bdf18e91a2e4448ab242a2d8289455bf09115068ab9d7f1e872f1b3751b70e4be5d139cb0b1816a6fb2b2ea6222a4e6bc6c559a51f0dfcefcd6e2a88ceebae7f9aa004d44ccdf9a8bdd05f268a03ccf56be31b5c96bf75e172f9945ecb387a2b0cc340333ba96579dfa64b62331559f2185c30e35f76df65929b51da1ee17d426bd930541edf75f25f16f91eacd28f86fe6a57a2cf6aa23d6e3ab9d5c9405f8bcc17ca6fc26f99d9ab4e8bdfe672c9581e04013d61f658b35a02d0df6506880bc49e08b8e6e9ab6df5a8b7cfd8c54b50c94066c9b7a6c8d16ca6b6502039abe4ba5e472b270bfca54aeec77502ad36b32aa2eaa274a80bd1a47417cbf96cdce6a337bfcc54d649cf3c11a6a49c3ea55a3c3efd84aa879a4a7541070f098a0e1c45f857fa814da41a0dc985bac5f319f50a2c31bb02a53154b259a94d4c2b4ecaf45c60a142d80f39568e37f99cb14d4ab65084d60e1f75f60a3d8d9f2056145731559e2c372232bd1f745bc78755039b257669f60d9e2acd3cb9f05169bb368b931766ac50e37a8d2bad265b9985d24f04fa7e7850f2dcfd82f127822e3e29ab5ba86f516ecb93e5722641c6b751793ed741ff008e965eb7a224f0a1f08fa28b308d8ab1482c526c6f42683c71bb17982c1859b6ea1f08ab54dc385e142cd548a1ca170b8f0568e6f99aa1705179b3e880deb0535fe86a6bab314685f98c8ee2a6527f1374b4aff75f451ff551fe2bfdcff6aefc7f42ce88fa2eee8cf42b17e1cff12b1d1528f4537593ce4a6ef8d45b8cc2b546622e7a9446ceae6ac508b4ff00a05f13f114c0bf9ac21c7a058681feabb968eae5ff00105deb07f15fee7e8bfdd41c33105feecfb2b748ff0088fdeeb28878b3e9544a8ef71eff0040a3e550a8a70a8b0f8b2b8c2dd4d41e116ee8139891ae2e520e3e8bba7a1603fd4acdeb547d166b3536853042cda56887456a81e41d8f1565c2cbfca6a2f39041dbaa669eb545c601401f86cfa9503688eabc214a6a4c0166a6f2a65cb2faa6968d525a58b433deebe97f8b545586990cd43829b54205406b7482e8bacd1b8e0a2be761fd41468e92d058944ab2743feea288f0d24fd6f519ea2ad8adc5dd51eaa4cb3cd41c145948ef5502f8b4acf25698f2d3baef8c392b4e717bb85a5306deca5842c553406595215699eeb115844262f1866e904d68f0ab2dd4e5c9496cb063a4fb2b6f312a1bd5c972ac1dc282828d13ac150a667a851615231507eb6e615b19b26838646eb0feaab829396c54eac21629d535074a2a2dc966a0b9058ded1fa6ad8f25b8aa59ac660a416272e0a8da0e6ebdfa68bff2449e08bfd95a7c87350a31f11cb1ba0366ab3092b3b2e880565aeb4db8d308cd7335c50848ac2e0e870726521a170849dd16e0a7d09f01974bae3e59dd81ba4bc93c97cbf628b5d9b56ca0d53d0d5122cb540657242ed1ecd04dd73f6409cdd88a142c04f9a0b05106737270a471740dce613cdee959206557428d56a81d6771c130bdb66384950b8e6ee133a76522a3bd79285c9b82c2e06ed2ec001758c85ae24225c6c3360b0d4feb5c0d44ee6f3905cb8ab2324427235413985349d4246ed2b3cafbb0b43dee0a2f046654aed1b9927460acd20c5cabc2268387037691fbbaebe93732405450eb55b77a2b62a6c146e34ee8a6a80aadaf446b0f459e7baefd6d8dc80cca80112b9d701848e2be6b2d8f335458622a8990dd7caa2b4df33907d2c2590156116cf250c9db5461c6e1299ef70eee904d1c056e3c90e8a272aa09e137a222a81a98764532b20ae8511596ab43530c5070c8dca07f385c07caad1ccd566d2d6df75a8556daf2c7ee177cdf65f3e9ad376c82d7ecb0b4faa87d1ab2f8639a87884c141dba693c2e1e724d1b0ae0acf067dd176f5d9449d2a02b7387043a551debb3cd1547d2e5a19842e47cc8b3c970c336cd477ae0a0831be2581b92ee9685ddfd568faaf0281a59720a6e715a62b034041746a68e576899ce371cf390568e6f31405717642ed27ed4d9cd0770a8d40ee9dd151f4ba1edf5ae28f24d77032370b4f15039b70dd61503ba3d8868e324eb39485446d71c7cad85c6d10f166872ec693a26f4502bf4aea801c530724e4c1cbb273503c448a8574addf15c7b7d513b27e221c0c945a1b68e6b4d1fba9deef5c07242313d57f2aa90f3b8e7798d65c7209d4c78e48bbb1239208a9ab2d5cea63773d9872b6ccbc415b619574749fc4dc61f30822ddd40f446acd627852b4561a353a22bc43d1778acd0cf9af887219228f5aca6b76afe1d1e819941a101d95251ec5437aa5538a0780cbb322ab547ea375293b8b54d3f94d03b8ad8ed8a0513c0e4564d5ae1d178cf558880a6f2b227d56447aac2f2a441588590a0320b90b946de0311aa2e306ab2dc347f5728051dbb30fe044ea8f1aac8ccab0332842505ac9e8a40ff00258a9e1d162a7a53eabbda5fea587f12ff0050b363fe8b1d0fb2818fad5802895151060ee0558a793b7dd6e0a7519f09fa5cb0730a6b40585a0558cac8ad7eea463546111c55acc7250a3992a79a02b7526f20a7377954693d1bc028d51510563780be5b1cf526359d577d0e8d5fee5deca5f893eca4e63ba858a8bfa56bf758d5939b5725cd173d1706423e272f9efb7c9418d0de9d86211eaa516f4581c0f55f398ef4c948d502ace6362adb35f162b4d983516a8b73dc28b8c4ee782ce3516b3fa9463135e0281767549690a4daa4ac9743cc765f0ff0c21cd4e6e399aa6be482fe4b20c1cd63a677f15260f5ec3e6b015f2293d1c839f470ff002a216099fa0569f8dfb952aa654812a4005a96a2b32b529cd4c10a4eaf1302f954a5bd54d96c6ec564cbaa9fa153c4c39856e88c795e98585cb7589484ef44c86eacfe1a67cca66d397f958185e7964be65206726ad368fea5295532b38a935695a569530567720e0ad50603b70506880ab72b6ece4e539ad94aaf98c057c97c391589911bb55a63a0ee4a14e3f9056986d3771da49407cc7f25f31d2f28c959a26172c6e0c5316cfea50e1b0aa6545a167d8c8a9cd4e4a4a6a6a5215cd4bb4915884548d53512d9ee17ca75ae4578a8ca8530b27cc144188dc763399d82b397e96acac379ac78faa834553305867732ec277245635135cbf239ac52523541c2217cac07e8bcbf658f09dc64a20c6ecb11e4acb3d9aa34ce87e96ac0d857ba94ab92ceb2780aa17b35cee715c7b7e2a6b8ae2b8ae2a51530564e593969728d1db63be8a510792c422b429316271e8be75a86cd581842c9cb27ac20a9c5715c6ae3761d94d715c7fef9d0b42c964b250014a8caee8a00b66782d0b464a6d592d2a36164b42d0b42ee8aee8aee8ad0b4293142c2d0b42d0b42d0b42d0b42d0b42d0a05b3592d0bba2a1626bba2bba2bba2bba2bba2a7445685dd2c4c82c964a01ab42811353516d1982ee8aee8d566ae4100dccab2df5351a3fc2f0cdea2e313ba9054c3a14caa2baa8f05fa9f20835a145d3372d36aea9dd9f24d7c6633a9ae1c6a79f2885f94941fdc9fed51cea076addc047351fa9ba4ae754f5b95a7180199448c346386ea1c1edaddcd8132a098d41a8bc68184295e1b55119f67659eea7c503e8537920adf9cc7b021c220af82feedda1dfe17228829b5728a92c4f6ac2c79f4b912adbbf8856e924ad538b2cf08e1551ed6aba176e084d3cd0157408c353f0353583202e612b10531721b76713a53879c451fdca03371b21060e1742990a441e95169f43b2751d277d479ab5538f24d0ed5b0cd67f0dbb0cd07b46206b86ca2a2740faaf8b4990c97c4a5fe2dd94d6098f2a2e6e6d4c7f2a98ff2391addcd330c5b42386ea2c746ecd72ab92b5d9fe80a0151bf9c13c7ea51e147f7ba1ad9f350dd42c84d73651c251691070a853335b7ea15a6e974d141be62b29ef531bbbaa73f608f356465c544e16357c4320cd2ce573e2b24065fa93e8fca630a9eddc28eed51aad7009d487c655a185de60be1d3e7c1fbdeb4caacf0ec2753689badd9f250153f94d523bd54f53a66b89f40b1e5e551daa884426bdb22445076f516f85d36a8afdb5fec6d4da3f31aa1ee50747e4b721ba2d848ab3c5a60a423d5469ccbca1598086c9af6ef64d74adf2ba3e85386c6a3bba4101b55074c2b14b3a3e0edaf7c667aa8d5352b901517e61b21ccab6fd6fae0ac708c4fa5765a2d521e0adbcda7ef542ae7539be577d0ae86aa3637513156b82888879502f6008c4da3b945fc5e63538f85b20ad15619a389dd3a8bcd31535fc1d9d7338b805e41f54c3c93a3b26ecec29c37402a266d8aeef47ff8a965720acf81da51a8d701561d464103e165d71e2e31abe1d14e93ff00144c62e399b98946d0a87ea696a754e7332661428e9305acd485418de2800891a8c82b2d995f0a3d54b241eccda6283c7153a994345adfc547376ea053e8ff00904414d6b5a4b863e89948327554aeb4459364417fd46fd561b929b38b55a6188b859c782c5220d97546edaf40a17be1d07f27eca02e7ca6c7f51c9637972739ad88b500a4eb08170b4018da6f047ffe9273bd901eea613018fc17ca7c2e48c18c929485584ac522be11c9d315d13b91aa3c4263c7873e8a2b254945e4311d112887654988551c9db85f305a6f99aa2d31aedd17ab77516fa8dae7c503f72e7760332ba5eb3466147c5dba80cabb2c16dca34c6d7e9195506ea76109ac1c05ca367f235071cd307ff905706eb7c829cd4cc1690b20b48516488c95b1eb531c381a9c4959d96a81d4c91a9b4db49dd13d36ceba2984d7b4e7564ad330397cd10e632aedd11b3483eab678cdb5c0e48b781b9141b0c942e45c6002da876f3570cddb058e43ca1400b214cd511a68bef75f480c064140c9db2099b031add4ef3218581606a8b8c5698f30a4b3f7531ecb3c0fcfad56b87156b82069747052728786947d6a81c97c0766d701e953e8386a65c94d7cac3fa4e4ac3b0bf6a83d86cd20e2883869066daf98c90b9d6e1738c028ba547c06f5623052c00fbad94ab2ef6401d599eb71c7d140942c6a5cc2b0df5abe1b4e37fdae7cb796f45f3981ea4e81d9ca2d58dabe13ce36e5cc5563c074f2e4883507b3818a6bc78854d7f16d4295bae8a683871b930a97aa81c41612839a6cbc64558a4c3483eab35645514e15035da7982b54820c1a58a2725f2fdd126677547d2e81c1933d6eb284709952089d8490147aca866789dd17bb208d23b3354c05a6e5a63ca853b3d42f89f857636cd5ac88cc6c516bb229ac769e0edeb751790dd7501eace9763c1f54448ee887f0f129fa156690f476f539074249d01c103c6d20541ca0c1172b74b89dc39296276cad38fa556466ec935bb0b85ca7a8ccdd7bc18daa9b626fca0ad3b59aac37bb67d4ac22d2c4e874521ea542313b0b8eeb545b11cd5b338eae6ad3322acbc4429178f559bbac50b4eb4d7caeda66b6cc2897869d977ad52a46fba91565d92c2db63ac164d6759ab3c789583db828384392c27d10610133a2fe09e886888cd797a2d8eeb0e16ef57ca20b763c1775fdcad3a6ff00b55a87bad6177815a1dd51e5ccddb2dd4f9050249e8b1851636751a1fc2cfccf58ca8bdd00a142cb5cd6274b6154c4d72a9e3954c6013aa2dc8e616133dab259a9b34d7ee2ee86fb2d0df653a36fb2d10e8b0bde3d5459f893fc82ca8dff0045f368291bf55ac7aa88ce300bcdcd173b6547d10fdaa923b26b808c961614052ce392c4e0d5f2c3dfd02c1410fdc54e918de8163fc4bcf492997bbab9776149a3d9642f67828a5eaa42a8b8c02b347828b8bf750d23650a06c399517b8baebaaeb7620c0ab34c23fa82b4d31153e8bca65d2b908ac343f55ddc3a2d4ff65afdd8b263ba2d0a6c6ac544ef49ad50eab26394403d232592c91f814868e3c382b5f1c47f6af9d4f686ca42a9c4730a2e03f92d63d16163caeec0ea56907a29300eab537d04566ef46ad2e729d0fd54d90f5adcf3c0211d4ec46ab0c21cefa056a91ff19fb0c94198028931bd8d3acce4a08146e8e6ad51186e38150381fb14c7f9b09bd30b0a98855ba944745982b29f2527dae4f58840ed7e030377569d179e6a0000b13ca9354d5982ca0a7352bb45403c666a2e300acb30b37e2565ee89177adc969398ada771741d8d5350148e86c531fb8bf35814c57844d44eaae256952b916e572720b2ec1efa37d986158dc5c773d9c2e0e574a15be8bd45c8dd81516e4a02eb59ca353aec5b25084173ec5efd85ce4dae4c50398bb1b8f6fade22ba37f0c8dd88eca2724e79e22553bf20ca2de66b8a1b999a8bcafd472bd050ac2e9763e95909a78e46b9767f01bc751e4a5e4a9df907bf8642a9643329adf5358651c8f12a6626fc6e5adc5d7040aeb53e8fcd31dac733c0224cc9cd1fd8a0a1dbbddc72150dcd45fbdf8dc85cfdb74a23d573e153290784f6b4754fcaa202c6f011f8625e62996f51dfb5633699a8d21f441bb940046f42ec77adcddc5d281f4415ae0eaacf1648f63666e76c145ccb22a83c457cbf98cdb8850982386456a7c3f728813dca87fc6dccef722c221d136dc0832ec5f49e628307ad44f0120ba764516dc051b8514d45a78a81d410a5f099390232ec2949ca376785e3c41785fcd7cc3619b0e2835a2005d10dfb0f82cd6ffb2e4145da9d32a3ecba5d9f62456d3e9542e1638c2195429074357c07e83a4f656a84074331ba9fcb76ce5deb3dd6b6fbad43dd6616b6fbac548df743e08b347c5e78f645eee09d4b49a9df440706ccd50e0d50dee606ab54cef40a4d82854275041056aa29cdf5a98f1c44ee36d0887497cb7b9aa0f68a46f2560ca1945417c3a63d1fd96200aeedbecbbb6fb2d0df65a1abbb6a88a36c7a76569e6015a7e4326eca6a27374d44f053cca1caa8342c532a3c0289a8dd6a211ac41439a2d5028541c3aa0e1c6ac422b03c8589b68725071b547f50a2d311f97ddfb2b54867b6cb342c3090bc0c41af7c4672aec85059a8372a8d70404271cd140f3acd56935f55a6e6a750e48b0f84ddc414684da6f16a949de53d8cde23c961a325628b560783d896511fe6b0b4b8f98ac6ef40a4dacbf7cabb2cd6732a663721544e68d451ae3596a0d748d5300a2a081de4b3bd1c8f982b3f89feb51195e8454a0bff00454a7d57cca2b3cc285b2e6f3bd179f45ff4a8b6dd4844ee6bceab03c525250bfd15a35151453aa08d60d507cc6ea213bad4ef70a372773e4cdbe42a5abca73ecad5981bb628313b7e015b79b6fdcdf2fe0242a8df9d653454ea88a88ac1daae5b28ef507270bd3ae393b83820da7f478ed0b9d929e0a3f28e2a0242a95d920175be1b73d5457fffc4002a100002010205030403010101000000000000011121311041516171208191a1b1f0f130c1d1e14060ffda0008010100013f2193acf08925116b21d26f917dfde092da892851992be973d23076189144eda8942a0b1762a3508e247e4dfd409f2d02fc9efe10f5ea6127ad99f42f747b5cc12f242a826d3fbc08a27f722beae432e33228fd0ece02464cd518c6d5c40bd5d245f287716aafed792c7ece45d502591b9d5a1b3eb86f18a10ee84742781327d8cf56c10a92462df40762afcbba517c6190bc8fdce93fbda10f56cd9c8944162704f304c234f2645ebedb3e50f53ce4e3dc5d615148731feb14d575492d3abc1b89767f09b4ea46406883761c31391a2c989882cfa205a5ccfaa705071565bb571bf8b49c62f06a88c084cc8b1a54045995d8ac3f44e9e07d73b885a09cb197f616942a12c3ba6a1af6779623d20ab19cc72517dc0af265e729cb4e595d0b15b38e2296c965298b40b52c9171e69658226bccff0011234929ea4eb3d64364da6a12ed9619d097640c929845c5b68b566f0f5640ae55358e77c7251921d0cce4abc71ab1b8aae57237b2b4118bc70d389dfa7eb314eecafb8898430d52c88af6b5bd4a994f7f3b657d83fcb93c7c20acd8554034486a50ebbe66b179c4c3258d70fa721fb0bf5268c1deeedabcf09e94410461b265fd0d5f39f6b6c58d47818154995238124ab22de2e0c4956179646a6c1578cb330e1f21e43e6ebf944640962de23d6c8897226190a60f667da442097bd53d46e2f61199ff00518f7c1ec0cffb6b25d06d7238d1b0efecba879927aac1672a6a8df928375b36355a16fee4af43f3f22734b0deddc38aac731ce563db0534794ba194e91b204de4d6ab19c606bc0b4fcaf0c6a5abb3e9743ddb025ccb2918249a8b60b937bfbb09829f5bd85b08422109460d8d9187b8b9fe0044feae24fd2d25b191ce0a706e2539650c4bb2b9bac34f3df3d8ab7a8f4430d07d064777c78e7f2369299a2bb3bdc772cc85654c684b24b7109df160d05e8379af75a8d9df71d0a4cd39ad584a3e6afb15ff0082b5ff006ecbb2c5d543a8ddbc95dd8ac932db3b14c4f063287f8edc712d2613562d5c09b4369314acc5c9d193073cd0bc489ad14fdc35a24a584a4128249c5e62da94af768f652d4acf155b09044d3fc36f024ae249b42b4f5362efa9d619c0c5c74b16ba6cc2733b0b2e4bdfe44c3583b9429cd5485750a5954286912ab1859d59bc9110f7777c1010fee0e9f46e2d351d133524a5969e9b94d327cfcefb95d396aea3e9444247933386a7c28256894a4cc582782090864f8a15d012a8737ef2dd837886c8242b7a62bb96443455d0821676aeda864aa4b5915f77dc4364e125bb927f7b177e92cb87541e7b0304b8c43fe8bf62380e71dbff0047b4186765b65c48223dd0b6ba0a929647cc283c64545a942a094db2492b25d8b9191cb911bb8dab5295ae7b1469ea6cf65467d359098291cc8b2b8ade93ef4573567af2c6476c2aab6063254c8c9ea325a1b3d20ae20dc7042b259917eaa7033fd8b36aec2d46fa1dce790264e57cdde1948fe2a7a54575209dce1a3502474c964ec594f8f598a8491f5a177641157306f1c88b8be858ff00eae60ec36a6943c38766359a914f2469b4350ca72d30e7582d79d0dd24657810ef7e4508b492b0afbec567c1a416e66aba2771eee8d3994be3b9fa270918cad4544cba00bf0443c1e4e9a19b2116434d3623a203c18f95222e5eef5c2bbb4ac5dcd8dd817c611d8c3b0ab071619756f49aec792cbacb1d70be184df1f53b75487dec296da4963a9ea834d9a7468e3adf0ccf05d965ef8261e43a3a60da9a5a59db15594487b37dff00471792e4e3a6c3b97b57c74c9f36a88cad4443cb7ba429b67653e89e59dd1624c33c129dacbc11ba47a4eec5a52dd0d6b5d3652d4fc4ec5102256453dd5b5e65dfc36ac8274d115fa3919fc11bc134b7fbcae3288c04924b246f4dc4a95886b57741b1c8c1d78f010abf8464ba019259a7c5dc58228a960a5ac8c1db5aac85bd7f44c4f41d98d8c63f78bea95b0fba403c31318661915a9e5e7ff0254e96b35d147d8584a73e88df7744aab6b37622395c41924908bddb504513977bb3fc6e8194dffdb21d77bcabf47c8f6c9faed19738c1172dcb114b6761ef6ace58e75f1241e71f6655436079ff00d9aba1c5ac0ada8c268fd098be138a5121224dc9682371d775d198dfc42add9ba208fd98214ee997b35f344706712fa8f823bef2cf9628d43284bc8ddd12b1263461de71ef5dfb4accd27fd0f63c6333dcf142f963ec249288e94d3efc165d16d22599ef9cd1fd165c02e78b076e23049d05c96c10db641e7e2f21fd32c5dd3518140b266bc0f6a552997977da6ae34cc55a484bed51c92aa2c7a91ee2936aa58f256ffb274c1e522d2a6b796ccd52635ea2afa310b535b40e934cf5e4fe4ec680e4986acac24b5a455b7611c66349a9dc6e7a198986442126acaff35f3be0999296435a6bc37e66f5331ae8aac7565da2ba5957e971746bfe5286cc65a1d5554a3cd9b265ee244ed91eeaa917de7bde99869d5948cc4fe08695609658cb96b69fc0fe953e898e2cc94f89a0cbf225315624785515359ad5cfa3e8a2c4fa5134d3b0cee84faa6b52daa7fb5028971bdf439a21fc2a2cbfa207c6557491b2ec45056b5096aed35f71764b21ceef84550dd95a8e7da05b66fbb2e11182bb9167f3d6c9feeb4c8decb1d0f5aea844b090909ca4435da2380fdc3c0426f3d9d4d075d8343a909092b34c8e9dccf3d850d2e5932b336c17b63dccf41250b62e2e33baf0e8b47ac0bf0c2e9a3efc8bf7c883dfa8fd17e04f97a72ee6fe64e53d77282309935bbb08e558481fa451100a44f996993d0b328ac7323df3ea62d24efb3f6e4af7f1624d7ed9bc07fab4fcea7caa3cb35ef9d21af45a11259958b3617c28e4fdd4c03c55e80d5c58bb3fcd45c51964b6a97d434870f7383db770c7b15f9107f048c2e81a9422a68d8bdebb82d14b241183549681dc24fb6c25bb1164bfa898abde45bbcb05877c33d5790b217c30a3ba1b87f33ecca35654380a857e3e4f149380280916820ba95b8bd76caf09e1110726e513bfc916f404e6aaa22304483ec8a699b992cb578ff9c5ccaae364630a40b212457b92b2de445c556ea87a5ca03568f7c113896c4d93b5464116e7c31c5aee439686b045bcc6ed878104c585b3b9115f0366482df947a563cd17050342fd22a24aa7078b2ad0aaf32815edaeb982c1a6f427fb6559769c38381aaeb2df6906a345abcc4bcc703941fbdb0b1cff007b171598c3255f2109095306d24bb6a33a8fca0629dc650ba8896d0d9034caa25c8dde0f6cd061a20914349adcb9dfa2111d48d90113b50f7c1a4ee6403d614c8ab06242926844902c832ca96c5c22f522c8119a393500d4d5004531538193713905308ce102ca2ba95ff0123a287b00c4f1c41506a43a9886e576a940449142982c35a531e977bdf648cca27360ed6f954f0338b73865fb5ad8caf6798f042c859b2c2061861a1a2ce55cfee932a9d0925a5e8865f0a8a3e82532d61a4ee5bd2d8d3c18d6811658e953573e053ce2c685708fa17b959ee32c0abbf5ac12bb5e8855886679f86c90f1c9d87431f03d0f1dba0430174a0820823030cb0c30f00ea2e168994246e4cea6ad3921a8d2c1de53b0940eff009b2afb2d5e85d8493b5b0560d28fa516a4b7e27db2ff0063c15f96a8dd8074b4ceaf0a204881602c081ac2cbe81660bc1a52ef835347542d7c369f84927a589a925db28643a9d5a893ccf1f47f95609645d9386204ad042c29090889d34e04845145741188f1820d635b725d82d3290b3a9b36096ae37466fceee824928563dc63e8bf2ac3eadac665db04490c7c7e05c1450823aa3014418c65d43b333ef4790facce02a8f43317d4bce0dd625d7d8b3ad18e6c9c96098269aba4c9eb27a5307c8aee2c152c6af45959cb64234e1dff00258b88f067fb2f643fc225d0acd57eeec4e33c1b242c3a54e7b1e32da792875bb8229d21f51065eb6f16a48d9bcbc5b8c178ea78d86bf4796473f9cb3160960d836de65644fc8a2e063c220b14f23e5831dff2414e5bb33f50fbb962577a1025d1f770c8e32ed06fd34e458499b091a8a2d52e162ad159655b8b0242440b0abf2970318c5737ccda8a411ca768fc536465347667ce308f43f492fdbb1d0c6e98ba37d83895bd5e136c5458b85c3fdef232baadbe304502ab10b02fcafa331e0a5e53623dcdff006083aaaac9fe17d0a4952591eaeba3ee47df8fbd1f56cf8cc633e4e45396a72b91742e0608860b4c21230ed41ab1369fc0e4adeff610843c31313185f8649c0c30df50f571a4d34ea8e735ed4595f3cbfe3642ac19747d0916db7995ef3b3692f3fe853f0426cb0842131313c04fad865e21961b186313244bd1371ea23d453725d90810f65fa4d9a33b5d7e2431b42d58f3d3a1295d2332623f95eb744096a2eb346230ef57994ca821b608556530ebee8d293d442244c4c4114c9e8780a4cc90af50c691b1b1e0c266e1179854d3988ce22b82a695c3430bbd979e42921ed3f876fa3a16ef8e7992ea0b1347549a4e98c238fdc2704d315176ebd8ca245b4c1f15566c85ae8bd44ed1e8c21084c91041145091e0d9c0b32838d7281101236363331a75ce44dc72bf7a3f7d322e43afdc200d098d6350d77e9f8e055b469edd4fa3b251b056436b574de2617c043b8eee758bae5964c2c7e9982c72249c44116fe49f352bdb2246ac9e4778f0231858c782d2dc416c91a2a7d3d220ba2cd32997f3b1e873473f65907bfcfe04ad5793baf2775e4f1e4eebc9dd793baf2775e4eebc9dd793baf2775e4eebc9dd79189239b67f46ac4ee5cf365de1123a5134acb71a7754e44a51bb1548945916709a254ed98223aa44c4f0d7de8956c32beccfbc3ef0fbc3ef0fbc3ec0fb03ec896ac912c92456896cc92fe63ee8dff9379fe7d6b5ad6b5ad6b5ad69a90d2dd9be375e496efe49c64964b525a9f607de1f687de1f7a7de9f7a7da1f787de1f7a7deffef3aaebbeeda8ccc778e9e98ed964da358bbb8e866655e955557e6b70e4ff009b1261a00822082200a22052eb04125fc6aaa3788eead73fb422dc645599428bbd626cbd56b6d8dd4923573212b8f3e015d872f31656c81ae72b15ccd192c2b37d0b0dae98f97bee73f8db621d8783afe5a2959d2e8de1cbda164947b32d950e0d6b40b5a2292ee4e37ed7bf44a988564d11709cbce580ccdad64144442d3aa234e7d5a86bf5d2316abb936835ad9f5b272a56cf364e12b544ad70a6b028a13a2498d291dd80856e6ecab2b04c3c87320f4dc3347b60b732121a7985fe2568169a8a362982363f2609c3c6a7a10d30b2dd2972494c76f6cfae0a6e6c647b75c85921950d3fa271be4bd381ff00b04bd595e73b86fba9fe1569bbf866324d86a5140ce475acc5510843bdc3705cff0001c90ef5b63da66c8605ac34ad8d7ddf8aed42d8bd4899916e621e831ada01bcc4d3b343e85e1282fa4460f0935207a99bb20fe7c8489240fadc16af21597c8ff1c1d62865d733b36c5b2681285057e8f10a7d6eeeccc67ec0eefa2639c1f3b59fe4ae0a15dec36354acc66b0939c9a81ace3912949642a7224e8e069e2ebae3a9414b5082afb221ba2bed175de38c9c95e015025a64249284a17e4747fb30b4dcb914b4c9f5ea738779a29afb66527bde5088eec8c3987bac5b23c4867b811ef9fe42b7f51d09ac589b4d74c0895be0246f143c26f316a27240a9962fed1a48dc2c3ecd8682051992b31762b7b0ad0639175558d603d2c790c68936ecae763cbfbe8fbd51a488f32865286c6a84b798b3e62299d10a582c16f592c3d6b4783ba2aff461af4bd4a8b002eee96c55cfaf34b70ce334350433a5442ba959eeac2771ee5a8a0ef47e84cb15bac9d458934779b22caaddc2224863ca6dd6cb1362610e1ef1fc066c5cfcf2422376abb4165bd220aef358b525091ff83892216128969d30a67329fca8b15ce434194cbb2b6bf405b19938ab3aba86da347d88e780912aa58fb9e049f3ea8967064531dad87b9b9ea3d3fe2f9135f90defe8693bac1cd36874689135701f554b0107bd86437b131e6776292114a5351077bebd4d77236fdecf9fb343c960164ee2bf4aa3b8cd266ba9d82c427360869c896068258c389c576124b257d0d88598acd509acb91a8cbeabad38723542906cbad9ea4fa72ef57613f6f4258492c5e071250fff005eed80f39c1d3a17020ec0f5e6a2d09d47ac858251856755fb60fcafb8584425d2ce04447b996f79a14ef94b2b6f058ead58bc8d2c7af3ca3eff002f3a858119123d100cc19d499cee2068c25b23aa1bdee04dbb2214b294c74bd184950244ab707784ddebdd0b79ded9940d59f4288b54db5452e6bf9ee52fdec3fa31d4ae7664e4506e464d85730511b0e5c941c35a8a15ba18513053567cb7fb12d71174d22809183679ed9de95fa9f618aaa27d8444830b69352eee318958a26cd95ea0d4a6777b0905516aa3c0caff0025d848689bb0859675637196b85e6a65f5b26a873bb7e1dc87d6bd3620ec9963174f3d3714acd3d069abf437961892484a163611f443761292e53df6112fed925645408c424a8ba1369249aa2e13f7ec899e4baba64bf648440f913c1ea3c684e36d65964daead22b1f8f06d4c1bb4f420e6c48795c230acda27a265f2b0ea8e60a72b151161058684f3cce4a5b15d295b72ac612606b1eff467c86ab33b3e945e1254e44d11d07713fb2a651af5a2847114558574e7728233aac0a32f055bc92476c54f2a884a1634b5de42249bbc0891592a63a42c4e6eaeaa99bc17e715a2ca6a1a18c72a2a641f38c3b0f10785f21a8b99e5d9e8c44b83b6c09727116be20f7ac7ee3d1fd3922fd8c571c624b0db350558359b0572d4b9bcb049bb23fc4497f2ed59bb9f6b708a7ef23ad3b513887f6c4bed0fc6a31d6d40d917c7f21f2129b0e7720806fe27884b4b0cd328854e6123b3c16aeb9a78bc68e38f51ce13211ea8e291a0664aaae4239615a2a2126f15917147ee4e792067efd284e54e19213d87193f80f966dd85d53ea2c85e417bfa45a87633d70cbb349d472b57578355f16c5af7f043e21d4519199e33671c8f288d62aea395a4b265d35128f3e3838b3c7844a69bcc87afb84d2cd53411bfab16679040ac93c5e62559fe08cd761ad7dd6e47b54c84dfc489271d342256b114f30d269c22b0d81742aa870f27a0a529e456993a8c74fa3b12225bccfa700e7465736b31f7169a634b318d2ca75c832876320dc45b8ae8865850ed03de94dc4f48f42d89ba15d0ec20f344b7a2f70cf9dc91245583102729ad065df9b4913a7668e62f8fde2a436f5624a5d50eb1c2ef36432a0af85f05918433f8231feab0e812b1685239ebaefb324a2471b6bfa428b89ea2f6a3b8f6b9c1bc96fa21d513341371c170d3dc41e8c68655807a16eeef41248454548127cd8b3ec66ba35d0e762a411be297ee1bafff00d99446714af0a09af7dc8a30ee932abdd4511a6a3b8523ec8d722b9570973f611507a21e6488ebd3223a8a765f27cd558abb87695850eaa1ee8abb5b832bdf4586d135d15682f2354b563d638229c8adfc7e9858f16a2478cf57f868154c66ece9b517c97e79f9105cfe72552226ba26e6abb374323b5b6b71aaeb099fec0222cf1752e808adee3c69340b0dda477584d6f16d4e4c4ce547e49bdef98b0d80ec350d8949a3d62704f5af4392251217559212850a8b197396d066ed95ca48a95f55ea889903f2d6b73bf95e6262e131aa350f61442974409a83002e162986591ffb0c319cfe366fd596249963227dab1aaada3c1d0d37dba52a7a931552c2680ae15393c60d8f5f421ee7f4856d87abc4b0e6e6089e70f1f891549c094eaab7637d5bdc8ce75d309c2d9fb9e960fa5b044242e10154dd2630df48eff91142461908a9efa296e12ab1d9aa333b86c89f715fa16780697ec46d721172340f739321dc8637a182dad9e026feee084e462d4cc4dd685b3af4b5c8a7a04d3b39c606ba3ac2448484b2e84a7311ce66650c0d563c5eda527a90322e74d7aefd0594161639219b21c0d72cf06876c26a833b6f08e957214342e370cf4153652f91ce15724c630e982cf18845dd8b2ba2c2354ce8c46fb71fd0c6b2386689acae4a11d07b77dcba1cbe77422e60c62d77c124531398b39e10591e51f027ec796164d9055b6434ef044f61432f1eb7c26539390d3de1875958acb8c76391b818acde0f091b14aef89d1710b693f268ff00044e6b31ebb341638985892ce8311dc5849ad1e898b879aae360a685c4ee4eb525844b337c17a947fc8042da3222a5035143bf4fdfa1e9f3131b4f1855e4e796044eb37b9479af22f7526fca3586f1320232834e214c8297dbd053125ad1156324666c1245746bbee87721dd0227110391f510620a8ea6535a852212212b639e85f43d1b0a4ac3dac1b409a1fb756ab7305185528903628aceed4e0a069844e49be417b0a1259271721acc4212c8e6c0ccf50ae520b4385a6e54750851feb581cf5b904b1c7a28e52b41d8e4e9ef37c21020742d2ec8faa23b9b1086a305a36244049424b2e8f562df280d92b714ccf212a68b0835c78451d2e39e74745b7b54ba1ce3a408cb881f0bcb6edd0aa681c1cf687a8b6a4ea9e30474495a6a122264912845a216d42c59f66c644a708a19b355f9e088265509022b2ebad5bc796ec1191493255d5a15017d3c0d3c711b22bf839043512991dacd8e00bdc96acb0be3b129d129f037f322a3a21c3391676dacd18b49ee250b36dd4cbb74049ed573c91542a3eace967358940c7a30a36d9ae88aab3a0b7624f1ebdee6458e941e9ee2584943dd22744266757bb268e88e23997e1fcc291ca842696ee8a12bd8279e0ab23e81f4f2cdd920d63d1c966b9c11722e4b067d7b5fdb0163d846f3793a22ff00135b57885c9b7f1b8465a88a97eb65b3b24274144052540d43eb598dbe193af6b446bc66c7639f0ddc408eb72ae3121e68d8695c3ec8d1a5cba210bed1ec437a9d149297322fb4e9419dfb9fa6e5e455cc56bd5d99ff00c6223c65d73526bdac8bc58a6b8a0916d7a7c8beac75f4f05bd4689546b895db2eeeb026052424f59458c13eb4dbc14e21a14bee63b8ea7f196a663a0c6f746b4196eb5683da3f05f4d27f4c0c867ae55179bbe48dc8af61ce2b759b1b896153218ea9566e8ff3fc2228e17663f82bd98c89c9d9806d256c3d4be97b27616a53d301d1815a9c3081e05742f062b52caad04a57be3f34a21b43cf64b92ff8027f4086ad6d9a13571eee67b5a542de5be58eeced4f0c87dea8fdbf8686eb50de1458bba69048b3287cd9ae856fec8d7f19849576b69a220ced9d5182184a6c2ad3371e0444f216509169f8c3d7c95bbd7b8329155eed6c510cd560b7198d4a1c2c0a1b9df60ad54cdabc2c0f50d3cd31e99547416632762f7855c10b09086adb99dd8ea5127b9004965263783fd2c376d44f6e7740de8384ce096e58a9dd55307eb57a1a0ad34f5adf5a6d141ddca87b714916ed582cbe4a652ddb171edcf647fb050ee59f42e43246691de7904bb2bb999052c41f22c3612675f5573fdca8b3e235a59694b1a85da9273ea55f3ccbaabd5754688e442c970666b067a6a7d4f4b3dd864dedec558b6ae4cf14ddb1d97e7b8f7dcdf91ecf36a15114345859e5cb338701eb0d89328d8b2349f224b1a7c60993a145ce6e9d8be7d48feff07151469da466d1d10ef5be1295d8d399ca27e7d37e1162a17a73dc4d56d226d5990e1dfa5efd170b9a2b695c09be3f742480b023f1a36a24f08b62c0b87d28d95116d2ce2e38976b8b4092e06163cd29dc92b16c4cddcf23a5c69cc7908d8647d6391c6529e0d6b2e30275f4424b4f0658552f4d0a662d37863421b6fa122cc4ef519bd048ece7074783e972118f00cb17a3c22a7914deb86ca9ad47e8db3db099522cff00c403dbd503b9a79a6b28a1751a0ff80552a0bda33085a21b972c778c70740cec4eac78d620b2332fcf168632e429d123744c19783707fac6dbabbf5b9530b5846f536626704d52b933c94e525a328f544de6586c3eb32689a6e4cebb955cb0c040926a9f4d2f861e737ceb87e8be17bb315cc9eadc23399ec52698cb9cf25d189c9266238b686e6157510c134f436c6d86b9c1c8721c86db394e4398db66db398e5390e415b0c899b78b6d81946258e7b77653e6d7ae25a55c3ed45c46ca219aaa74187dbc3afbb8ed8d916c9456ac8e6394e6398d620e6394e6394e5398e6398e42152cdaff00dd7efc6852db00c756125435bf65cb61d077ef0de9370da888a5235630c558c0cf084f2ac984db31b92cb8afbb937f87f381dc9b937a6f4de9b93726e4de9b937a4efab869e7426ce350a7aabcbad1999bca396c27294cd174303a91795d066e47f8a99165474fe8cd1c790f3c0a2f39568a6dad0a6ceef338bddb39d2f970574befa8b5699b67df45dde672ff006930b5417154164f6959b1ea81098841b733422175b84f275c3e8aa35496a94380f6f4b7636f099de4d9197bdfa9a490caed62b0a5beb2371c73b14ee8f6708f1a485bbef314092b2c64dd5b0e545758492b37eeca9d5e90a6c2009ef259d77148b43db19f36f53dd94187e653bac96c28bfe04877975688dcf083921a8b8fa538c5cf03dab989234d3089164ee8bd0dea4b16eca58fe67f9e87809e0ae944d0b0f9295dadc5b0f59a1db7ed0f049b998a892c5ab77a9fe7a42aa27f574348a91412fe3725e7fc642ebdf3cc99ad1a62aec6ef415f1d8af1b16572735bf5dc32495d091b6f72049164fe04a49c8a49583d072e95bf432c636aec6e546699c1e49c7bcca1e0b262c62d8132f24fa2e59ead8c3fae60d0ecddb92417573d336d18cbb9bc3e299b924102b264b0a4825658d4efcc9e6c5a197e5f36e2282a4c6d3bd7e8d76687737f30719592ed392667a2c1f12ec909acceb5a9fe1d99ba74c7d781deba84e8275d0ac9ce91a55d228486de65edd76646055fd0a695df22722457d29bb8b3d21f2fcba1a13154cf3c82d8f6a07d6916a5a45b5decca50153be0bb5f557a64eb88811dca24a02f07620716f59df0e092c394a1db1a883e4361edf0eac8499a9d0dc4cd75c234344b9b2193d49a271e4a2e5728bf81736b06aa35f6276b5dae8950a6e219f440ad48cbbc574f22f4e1892dd318414a96d049f5b5b40b2bc375247b0b6cba7a062b0d4a3322ec5d9a772adbb9539306fe46a5b541b37505f1dd7a8a4d92467f25279a214d1538558ee2ac658705277658853dee11c5f21129a4ee4ace8e6eac850a081927a82a7fd5917bf1dc7a61a08dbf5fb08a2ba11f6506e2383575fde1286c91842e93519a6ebf7d8c4e52ce7044092a206df746c2569662b062b6ee4a75b3a159c636da5d5884c29308379a84b0a6db32d4a3b4a162f748ff00764f4b6fa36584a6bc37cac89cc5dde5f1d51de843707f3ce81332e12f610e79cafd9df37992e2745fce9960bff18887d32a40669b2f7cb9473f708c3349b3711d50b7ee3b227c91a8852a9a4d53e6e253b924dd463e9b36fd74349a69a94ee532b3f7ff000253796b358278303294f21dc8ff00814899ae992fbb83a22b904bc5a13aea58c1bc17aa6db6c663f9f9e43940f778aa550add432b79893e7c3baf61144759f232bc3433b5c7a3069959f0c45a5c617fe7f41761250b0fc28d42350ca459d190dec24e5a0b6aac8848c1fae9c8f3f9eec46410f426cf8dc55910434eb86b9a7a11f8c327e05e6b01aeb79584d1b959ae87533f01ba12917668a8d83314cdd196dd11d1ebd19a94c88a6125951c1606f1cc7b77c16dcf391eb8b709b744b3152f8005ecc5111d6d83c1760a575a7bc42e68acc7b91aba979646a2af508610d3d49fdb69ccc214c8d506c3eb331ad7904dea38980885cac9f45133e5e2582e38e70df21054967545edceef53fd100241df3fd6e0f2fcabc3f182f7443826d8ea3f6ffd9306d72f813108dc2fec755b28c5575a4784e3d493b0a0842f4a5606f142cb7095d9575df7888eb84c53e2eb2e5975aec4b506afdb2cd3eec1a234d4a7745908efff00e18262e5adb19eaa38fc4f3710aca274a432bd0164788fac23144a9e4205cc9a310f50d6e308e90ed779666bf385f727941e8e0638b4976ae8a4dd644ed0cbab95978ecf94488f2e09a91394f3587b368dac77fd5892458d52d468e3fefa399340a4728b42644e2c59c4d999556cdc854b5160dbb0aecb97cfbe5915619e99164c764e5f78ad8b320b8ea90b8482e17c2337abe2983751d910c3ed1d4b48b763196fb95a703c0d67125b079e4579955d3560e5ccbe2b52b12709e4732651b90d549c786052b44b2868d64a03d72e157dff00ed8dc50e8cad18feda7dc11862cd839e403af667c246b62f2f7c7f562d26aa45359aa2c5409356d8b34bff0073c255fdc7162cd84a5bded96b63ad6acd5e432f655dd7e8d7674f23408d04aed32a504c1c84d79157d0c8ff00040146a5215707d3c98ca9eaae5327c9d1f48a529ea377e20d9fd8f6ef9b50cb32a4521a1f60b442ed693047d6d83f7fa3bacd16dd495d0a2932007fdf144a90f627e48f295e9b2e052b0997236925d12288b1268206919ccd8464a6a70a2e32df81d1943fd592a635329690b59983cc6216457a0fa478b9366c3b4a2da5d50e4ec5244c9baaccc5bb5962cdd1d911a2483a2066878208d48b3c3b3b61568c5b448a0d6062b5940dcf5fb12ec6b268f9661f465534f7ea76e9d837aa1977069c8511e0fd88bdc8c8fe663037c5a9798d23c86395269caec31b5f314649457fe5214890d9915d28ee43f62394ad3222120575a0292652e8468f65ab1cb5fb9be894e6f2ab29ff007a3db07dbb3991dd5f4d686c570a816af61db5b0d525c0335cd0d43c7104f409508a3b450b1b8d5df24e0bb3019c9f086e74f7229d1f0e6d85ecdc7cb0bbe52949435b31def886ab5e0c5ef9a915be7c91fcf96efe0fb139cc8b5aaa8a689b96d3d0a4506a8bafb94bab54515b2a926686ad7acd994a57e53fe1b9b31d5f1efb19911e6055397c7026834dd22e1e7ea7f1690ecdbfec491912293e7acefdd361117a21c92afb0e082f5a22fcfaec484fe1102db1a8735aebc3f2e42d0677772317ebde7325b1e77c1a91145d2f623ed623a3e807d30bc71a3dd347e872fc524b33abecc7b0114e5c749aaeee46cc24932b0448a722c84b2ad431ed14897da2b32c52c5795eea0b8d24e84cf30266754f289ff79f3f5ca33f990fdb62584c7d709256c52c26dda79ae2c88b07c5979b2fc77ce25ce97dcf0e8e668dce462949c4df1e0f5254de8341b20586d993848bef2334695822add9a39127bef2632924687f4873cfce8fe42647970996c4feab0650037f6b0343fb4b72c8a2b4bca9ce16e1db688e4f5e9842f292049251047460746c323f7179f729899b2c8ffc1c70ff00f1e665b3066552eda3f6e5461dff0066b14ebe87ff005d98ec73255f9097355ad4a5ebd72609b56fa22938687ba1fcd06c3421b34cf79e9da0b1842d7e76da1b7aafdb16f0b88b33615bbb3180b67e07e6920f58ee217dc8d459b9053e1f37a8a8f58975b2c7dcb6325754f242b830dbab5a2a0cba5cb16d42b6c69058e3df0eeca4b822bd1bff0078a22817a93ed79e1d6afb8b3e5971840d43d709502abbb6e8c86a02798dd455f005a16cf4259d5caa585f2373d4542b69250bbb46c41a236964a6e428a62acfb6330a887a8116a5962a61a9467b0baa10aa722d17a15e25baa251383c160fa8d78a37ae1c24e2ee884a40b10e17c2ab09b5b21b92a61ddf050cba16544976c6a6d70d8c49c551612708c92661e820e5aef4282bbcfa2f2dac3d00add0acf34d494bb82cd7516fc0b6810337756530671e47a8835c505b5e37a0f54c9db4bc39158a097be0b0c3b442f974672f395563bbaedb271da70c374924a12af43714114b3f96cf0b9dbf32be137c52c1ef084236c8480ffa028b71b64269bca0f236eaf12516e4d0491b3249b2c22726cd742735aa3a6a234b9092e30dd0247b3c88b30cca09d8cbbf851e48f1bfd0b82c583f4ffc081bfc587c58682e9381acd258590d5f786314354e54912cf4698dbf3c1a9502a57462d29add614aa15141a8925df8aa318d14312175eae69bc2b5265cb6ac5703149762e077fce8332f71902b4f51b40aac84852d2b22b2bfb72e8832d8ca53d1d13fa88870f0a1c68356812458dbc3eef81495bf91b73b35a319b8ae3310a9ab354c63f0b51e5e0fa4e61f63c380f9a24431c96d12ff0022b143e7fb21d154a737a2ec5aaf1761442ac2c497629381297050ab8c438134d531d12cc69632c4b14bf0b4776c37686f922543ccaffe740eff0082384198b45564445aafb15906557cc9a81150a6ca434a9e4329cbdfc8ba1d8e1f95c54874a1475e63a496e894b251dae06f695df6128492561be0b5caed98c114133b198b8d23d28434c63c3b911389327a2eaa8cb0f6bd94073840b491a388826771a46a8b1925c775d35890697b0fae594a7d6c72667f3d306e76170b17e899404e65e166ae4974c973a4f5a20ddabb091648d8cf9104866b7213de33d66454458ec2085886919910264e4412d515ac7449742b1d8322918d2b9440f6f06b3e6bb4156d5e0cb97c58d248754c6feb5f635eb8c27ecec427ae1bd325fe127fe42417db1f502c8c2a6add0fa57e16e11da9dab17f904d0987de34c1e2dcbe462df1547424c8d529cc7877d465a606b6a12940d29355382d5c4876a89e09549c61640fe343934478a2b07670a1f8f223fde8c8fb513788532b77286aaacc92be0acc5f855472cba24a27d11f4c3783d438fc2fd18f5e0b22f86dc936d4551f9d212cb0922baae658c9c0b73dcac33c9f1f5f8738c6423c575a6179195889491e0cca57b99bb94746a47b05f213c699c25ce941e6e221c06e7aa8ec2ac8492c40161af81dd08217ae631edc34b5dd9aff009a4f1094ac364c81aae8845286e5e527f32e46bbea484d4f4277eb2235d62fc92d5bc269858e138e8c890296a6630d029881da841ef4c218589e83a21af0dd44e09eb852a70862138d42dfb438e95d12ef99bbbe89fbfbcbf06478b8a8ca76ee06ac3f403657adba9bb0baa6fa0ba74bd11c99dc25869d70e721b73f8144d4add0beded63e97b1660314b70b023fd6c34f3d059e1167b4270d31409ea5b0d488d5a1e46453e9f5c3d7310a91564c9cd72264c9642b4611bc316d84d58f1d29da8b43256b25fd8944c97b35d4f2b04ef423fe23bea19bf151d7078e4716ba3aa8efea653dfb8e80a174808593659abf484922562b13a264341388d8d915c643c632bf5093c02f88438163c754d2ab0fef0f20436cac33dc288ae517ab14cd418b5169c1138352b4254daffa8bde12f69f8b2eec53a23398325d725f46fc9616b96ca99d474782c49eec249c60949736662a60e34c6d72e09e1659c2b2136865e99637a1aa182a2c273e6c3f6636b5cf4cc586ad6b513987ae0e15b6e117993f022cfc766b685d3267d793234a464b052a1bab925b8db1dc0e847b922c9b308c646e45bb9d7810a4acb14a542b7b11ffda000c03010002000300000010d273b39828c790f0c93493f3b490c3658a2b8cd6e6871ea9cc661c3cbccf62f19bce36b3098470bc9a1276967824ab4782fd3534c74442eda102b0b00db60fc0a56c7240f6c49de82518584041923ce3ed957074fb183569c555c04e8977ba5d1750bcd0c90b7171d8b9b70d3194fafe27368b49966e998fdafd93e907d4b9e863b5b84255c6fbb1109e65401cf2e1539eb5b606164647cf99e7bf5bed1ef7114b2b053c547432e942e7229dbf813681c6a373705dc52dacf3d1256330374fef308f58a117028a026164565188f0d40102265756b4c8d5bca019ab9641d8185d2b43b0e2ed13df0e2bbb7ff203fb6cb0996ab7fa967a807365cf13e52390c607ff006d9eed2200e0caed3aeaa893c603090b3abd0a0c3020fe994ece8dd7221c0914be836300047368deef7d030c3ea864dce6d17ff01617dda90b00618bdd3721f87ba2c34f7bf753ec936470fab0e3d305fa3cadff00d431952c4260dfb9e7fef33e29cd71af640c6dfb968f0c4e93a7556eca20820925a7c07bd60014304e7c34fb4e32f30c34e34e34f3cf3cf30f30c36f30fbcfb1b03ab739ce31e725fbb4f4bc696b2f3bbf423a98119eeaad5bece634cf40b6fc7367e2ba4a91b3efb8966b0802f2098570f379313103c5be913a7a8514372f3cbae1231c8ec693878dade89ecf21e5327a263dba023c3544c909c1a30d2c098d639bc0e22b188978dae4fdca957e15805a43685bbf79cb1e718093ab37a5c2ef2cb3b53681ff0025a0d0098a6189f4c12688e5225a92897c16ef0b4417ef31dea3fdb08613637cac3546c503b94e271f8f5820defacedbe395002fac0fbc9ba9a8d639dedabf3eb2bab2f3f7aac07c5fea2c38160f00baa55b629fcf9a69cdad74895095e7fa657568af412ff5951c9bf37e3fa92c599d776c1088290510833e522e1d0cb7634b1bd7870f0e339673f4803d3f63b301ead0a6be3495e7f7464b417d4ff9bfe8fa6b65aed38cd40bb8e3c32585fec50e569552cf9a0fc9b2e3b8f09c0fa83bb122dc4f001b02dc604bdd78c4fdbfe9963c13771fb8c451a52d441f03cce292fe229a0e33468180fb359d54157f8c91aab44e06fd1877f76ef77c3cc34c30c30c3cf3cf3cf3cf3cc30c3cf3ce30c38f3c87da2b72465d7c481acc838c0204e91a02062f502cc4276c7f946417d5859b73cf0d59164dce9f21d9e8dcd80cae746d747b3c4d2ba65739fdc43ba5ea50139a5e26ad4c5446846495603831c2b84d973becf7222d155ff115e323ff008cd124658823336f488c24c336c06c7f1ab60b48ddac55f5fe867769b605bc89228cdde553137796fb10cb7b0107f772b4aac6757925591f9bd39b8563783e6bbfbfbf2346c410812a812a138104a9fef6fca5815b00c749557daee21d82e06a0833692e3ad8c28e81e8bd74745256b4dfc363ad4c15d6238368e3a62dad117743429ddc7a0b5b38fa1af728e76efb8afb5e37928c3a59496e4c85ab69df4aca21e8ba083fd1b8fccf3cb0c7cdc5546e2e494160f977775d3c30d68f73b7467c820c3e8b9eb8e9ab29c648e0ebdda7e60d37e8808f00ce201cca7dfb22e27c1c0785daf1dd8d96bfbd3ea9737ff8175e243975b79935fc403517fb93bf471783aeff00dee04ff048040fecdc108437bff9f0bcff00f79df838ff000e38dd762020720f5f8dcfffc4002311010101000300030100020301000000000100111021312041615130714081a1b1ffda0008010301013f1060efb6499727c5b04603b6fb79486be29a658ca03f01248b9cf473625667e88f207526c1812c9dba47fadbb69ebd830f86e46b86cb936e11af643a8e55de133d791d92651d8e18fc836cc727a18f2f02d10ad2506b7da5e8b8d6d90877804e198f65cf8058ceee859aaa031b0e8b3eac0c9c5d584160ef0ff7ce13d187fbf84e0e3bb21307db6fe41b6417ecaf6ddddcdf781dec12fe92f5b5d78027b24fa9f767ee58ba6525880692474dfa446e59fdbea82db43d2cd41ace9af848235a0eee8d61f384cfd4a6f92d3785a728b275d36cae33f83a89de1f4719753802da596f0b81641c32fd39fe7ffd80fd1838aef10f021d3c27234cb50f4bd3f5fcbac7a66deedef2f178b753733c48dc65cbd7238ed1d7511d96c7d38f5ef960d87b689dde39c259c0262401813bbd598df70c65b0ba31acc26040761658f2c70db0973623d42faccc3fac9909563296b0c6ad70ddbfe719671a61dbe1fa97386f7304d5bbaf17a82fb135aa3af13715f4426b321e5dc51fd5f64af9ca7384204492bc6709e2b31de77827d52fa4563c444d80b5f674233623ce57e1f7b3e7f81b57d335b3aae50e19f07a65d2fc06383a9f2407f837db362318e83133e21c719972907039e5dfa8fdf67f871813e28cf6cb4e1e346f0b3eaecdf98713d9c307e3b6db6f1e5c8e0b799e10c2128e0c9e365f989165e0736047019b7e58f3b4b7ac519240f4f65cc106db28af5f22e5ff00276700d56360700379d3f0c3821faf87d8cbbb196cb8a5c8909fd174049f460b18fea753bbdc534b07677f56ff0080004fab4303e1bb77607f607f63f77fbc63effe79fce0fa3bb091962cef5c065880e0c58b162c58b162c48162c479c8162805b909a12e1accd33b97852dc91c791b3e2c738bed9c26c093790ebc6ed5e83d72fbf212c3e3e73db793f23746dd9279c9ac36d7ab57c2510e0bf10f19cbd4abcb3482ecf48781d5bac35979c8d268cbb3a3690a03c1c3ab3385e524a7de6b96e3381a463a697f5c01c7561d23c6daf3d5af4e0396ad4af185feaa707ae464ba861c3d6f569d4f4c8f790c65f57d11d2c9c64d2d700dd20f04290bcedfc63b693608590ed0bd44af78daea6dee3f76cc1b13487d498f0091fa6736505f4846c7d52f5847b203cb7f53af184cbfbb6703ee5de88432042fe2c88ecce0a9d4eabea91c3bef60eb19824a9e5ef4dead6e166cd2baf2d7daf1c793deb1b332f412ef8f16c3b7f6c1ba3385b3c1f071cae5f5b2b69c789c7593c17abbc18c3a692d5f0dbd238ca5d449ade4e3ece3b56ff300ef60e00ce3d4b58f5c97871fbbc5d039c8de67a4658cbbe5e7fbb76f835f8bee83584bf07b81551e449f83ccaf1bc59b9c3d47ee5e356a07618eef12da2ca7a325f51ca871c0e578c5e5b6db615e3b90c8dd25d4e2662e3d71c241bea23cb2c718cba9b62dacb6d87778501cfbbb7b0b2d58f0add7d9635f300b05933096438c2c3af569edb294defb6596493f68cf27dcd9cef3931bd9b0cff1847b0275f0d0b5f7a8fa9b17d7e6bb786b7ed7e97ed7ed7ed1fd2fdafdafdafd2fd20bee17c5947dcdfa412b18f6b2fee0feefd27fa5fa5fa5fb5fa411edfa5fa7fcf15f095dadce835f2583ed6083d122e05e8c387c3eb86036711ccd8b1662e9de711cf5b683c320bec2cf64f985d185d7de19510cfa24fddffc959443064ac825d0700d98ed2027f5f06406b1d8fd8ecf9d81ee1d2ff7a47691c872d89612adf8f211871176cfabbdfadd77df3818db3a38872825b6ff00ed641203592769f6048ed7a5ae3c6117fbdd922e16fcfafbb012752dd78ef12809f43ea11e42e7bdbb6f111c2ce2166fd46eb2bfa27cd1f7eeb2e2fdde2ca31d046f5911f7661ddcc5c25dd26ce49ff70982ef3bd8f4f2c12774bc7889e05d62256741f5278213b77885d218dfc4a0b7b9035b3d32e9a497b1382c40cc5bc64fe92597a67777e764ec5ea10692c63ce3a3965b878a3aed1b06701c1d7b9e9c3876cbcf3b84c49b99ef487ee11761ded9273adb3f319dfa245a5b8dd4bb624777ecd6d84a82bc701c3757720ea1d99f7abc1b80da8b7b65dc1944ee38cb2677e93289347abf693237d3b2fb51784de8b1e012c76f73fc4c77efbbbc4bc432d19e631ef81f494705e495978b319dbeddddc36d444928f2782da3cd600e8e1d24962cbc1c0d459a5f711301845a7b097b06b087090635b5f27bf7e030b15c7dc3d235eaf67dcb0ef88ef87aba88e917476cfb2f1f065dbc7cd8ec5bad88ce3788ed60d24fabd2b83dba8998d8361e27235c98dac7e63d6c16228ea09790308d83fd86333d1bbb6d9269fb1d363e081c0cf6e9dc957de0cf8307840e9f0b6759376bd021b2d6bbea3d1bacda32d8572f5dce5dff0009f173b61f764c7d787b2d7ab6d2c193eff97687d7f2785a3b2d4cbbb78446ecb7e39f2fbac5f6cce0a4eb17e8c9db93ea9706915e32c833ff006fc03c48fae472dda3ef2381c36c7f5bbb6201668982dd2bc9fd2f7061127ff4f82204fbf2f51f0e833e1eb97fffc400241101010100030003010101000203000000010011102131204151617130408191a1c1ffda0008010201013f1005c988343c65b8909e5d394d918e721c76f759ce40c19c64d91b15310c3db675f614ec9f5dba97c63fe3c04bafc72ce3de0e8839cf8326debfb497dde4e3e0ecdb62d2057521f52fae307e02250b58365086f0b10de1239163a4bbdb6ef72f7bc6532cea3a6fbbb1e3d42f670393cb65efa82589b96dd87d40747c30f6649247417b381be439c1e021a1fd91b6ddc52c61e3ea615ddbb6772f0df82d0b07a9a16624e2f5766177bb3ec2e986b90c738f11c1f033f90febd94ef87938057ab28f2475af0bc0ee4ee3ae3bc48fbe2c3a9725f4c77d4c38f238cc49ec0df60792f5275b7a899e17fbed986c0ebe5701d48fb1ab9048f708e23cb08fe49f7c2b16918ec6d3f767d523f4b3e17dcfedc9b04a77b2de978d2de03597d5b1df45835e03f90be2c1e4ee11d33132db4849eadf80f7df1827b205d5d71979c23c21fbf6dab084c7a403b05854efdcbace58596b6719bf03a67be0e4de2e9ec1eba5dfd6d9e13062174eb15d0803a82b19e72ce773fe39220f08800e118d78ec72238439278dc87e59c160f0ab667dca5b7e033e1b2439db78dbf8e1e03601750e1d71ea6659ebe44f9b35f205967f6ce04f71d45ee3af64bdf919f81a8710467a6b77697bf20b391cb05a413dd8319361249659c1910c8b8804fa0bedbc96cf8367c56eed619d70c921312312d6c67ddd86467ea3f9bafd70719a67fe3fcc046125f08bfe2ff33fcdfe27f99ffcf3fb5dc9eac4752b687735b8db86dfd21f4b7f4bfb5fd2fe97f690fbbfa5fd23f4bfb4a3dbfa47ed752f70cdbdaddd9b2ed7a6531611845e1e16c8bdff0016ebdc5042f8dde7ce9d3ce477767244d5ec81db383d4bdc9fd20bee7eff00b2900ca3fa4638ff00ee198683e1af1f648f720196489032ebc0de0b72e894bdfc4e8271ab53ab2c8bbde624deedea4fff008774871ec93a6f63ce148fd70bbc80f6520c4e00bd1765d20dfa72fa09975275e13b168ff24559279cf64fb2bc478cbb33a64bbe10e98532defd975bad9f92ad9b765e115d1c15070fb9f56ddb5a4cd96ff65b3336067b2a478e89916f82c131ee7f6a239347ae1012270fceeded8727345db67e45dcbf767dc1a58a5ca7f6eb1f4bf0d9e7837f86cf98ed31d418fcefe725f513d9dcfe3c06e41f12f6a63a21bbc8fceebd86e8c6d1016ea7f58c5f6438eaeb7f2c7d493ccdb29adb0bb64434f24d1fe966b11a20c0f27ea67ee6c2f1115d4fee47d911d85feb653c413bb3fa48ad8fd1dc0f13dc3f76df4886a35d7b8cf362dbfe613c368d90f62807f69ed0ea27ff00bd7ecb533b5dbd43ead664056423dda701d481d927d427b3d33a4376c1af91a90ca13eab73c8f6b33c3c13cd6d92dbd61977ff0096113486f6d38de08449b287a877b9b9079277b76f3d94fd2d56b740b3d6799fd6784f93060b76ec25b04f44bbf77af4b3172a65ecb7a27ec91eca637d9aca9973f7eda1794c62599f4712345f416d93fed8abbdeee238b8ed2bcee8ac57e9b482c75e3ae245b59ef863db0ef1e7fa22dedc6fd634d1ce47ff007b1c0bb90d3765cf5aeb0fd41d7f774fdf1198bae5ddbf163aacb62c36d8fddf8d2fa0b3ccf21ac3ea63894a7c7ecdacedb1f67e7c121205f654927ab75fe7f60117bc8815ee60642ddf1e638bb9dfc42c033c423b03b9ed1e20fd36551171be918f6325ac37b2bf664250f4ba5dc81cc7b2f09ea03a823bc2987b993cc190bc98f6ecfe5fa709f1772ff8b65a4ec873aee4197dc8fe9808515e14e112f9789752719763be9a068fc3d5ba9bdc2bbf0dbb587ee022e66bc102edcbeafb45fcafe17f0bf95afc95f93f8dfca53f533f691d9dde9ad3c64df90ceafb4bc1966ed90f08fb080fa9fc27f0bf95fca59f27d02fe3ff009ec80e429ebcb708c0fd8dbdb6e41f115b242ddbb56a661c2c9f0b1a81f6eecd8ed59dbd73667fb7d45a8ae1ef16b32d77e014e39c6c07dd8b617f974388b578cfb4fa32d02ea780753d9d4bee6f69e2ff000ff005922dadf8bc53bb057087618f70ee978d973ece03593c261ed873dcdd351dda83ece7066d93c906cddc91610f67db3e48e1fa8de93db06865d55e3edbb888b8a60ee1c6373cc87a4e9b48ec7bbd99238e84c8e109fd87b376e46c80338f59cc86b9c60df604fdc73ddfb7f63a64be0a263ed9d58dbceecb36040c27514d785bce670b7b7b2ca46758df2cc9e82ec5e4390f0cf539f3c81d3d9963675644e47d6b8363dbc2e701b7ab1f64806127d090c321bdf0efb3a42ec383809d19b01d18e8ced7d78fd86ebfa677461f158e0bb05985dc1bec67849f5e188c440913c2e0f273844e1a5b751d5bc6e5a5a58fabb639084b306f068976e9a7c1700b524991c8f09b631073e05ee205b2eb78d20bcff7c308f77467b3833f0dea3e64f458fb97a419678cf61b26706d138ecbb1c3f17ac7cc25bd4b2dedfddb76f3e1fe70a3713d066ece3abab927c078c1b1fdff0081fdb3c3d6c82c9ea2d23dff0052dd701dbc21910333ab74f975ff0005fa95ad3e8f80e82523a30ef27b641233c6f513c26b0e11ff00986cf5746dc6ea83d4825d613768fddd52c436f996c0d38375ff00a7e04e9f3fe1d1edb78cbfccd845adb1b29b46da0e07bdedbc4dd78bc2ee1bf91c37af9b18e7d1bf06e1c3e97fffc4002b100100020103030401050101010100000001001121314151106171208191a1b130c1d1e1f1f0405060ffda0008010100013f101cafdb8ff2c04002506d0d76a57e4ee40e8ff5fb0717cb229ada260d78868cc7febc4de67353e6d48aa147a0050e8cbfafeb5895ae12b17d097ebf13fd88d9003c8caeb8e835e96c985637b9884e5e7adf5386c73e19aba7ca75c7bd016597ba027f5bc25df0500dee4fd3086a12657ed2367cce7e5f0924601177bf9972409afe3bcd41c13877d21e538adbcc32469cde413378b57e6a1cb3f7d1ea3308b9676cd696089b3eab81143a54a28722530f9d4fb44b8912685eb8a979687a2f643b16ae08604c08f704cdf4a62f99674d48739db6366a533ece642943535b72cdf9b76d86f5805789dbd1df28161aa028389465c3e2de55661b37014df1f0f12c806421f0cee0de225c618dff00e0b9e629f9639c6eb0a89806fec23bc39de77fd0d521aa9c7279b2dd9319e3e35af1b983d9329810fa36b7d020415e9ac7d0fb37f8991a94c63d08800c53487dbc12aacc055fbbbc27fb540501815d5e22568d60b9461461025d35ace7982df0b2808539298bfa7a59f9a39b2e8c2a855fadc7d8c12a50788b05b7cbd8208bcaa27690ab9976e75ad8fb11d26f25d06c111496c09ae84b11e23e1e7efb8320a16e3a4638011dc0f33623daaf3b774d72acbfa24169ac215e350f3799fd25b17c34e1986f3496c63d0cfb499c13320074c380e21050a3105d4302b8097d6a90a8d470354ed2efd71a784975606906747ad47c9863795d1537595e6dc91f21f28fe26002f2f13196112df9ff0060eb4eefdc1ee9cdd51e31b4b01c08f74129b427e636ff0005d5728688611819b5135871d7e37c8bc5dbc489bfff007c243c33d94e5b1bde3397eafb43fbf4be547a4eb700f4ae2a2542ea676d788607ff0034de2fa045865b40f721360ec1690c18eae9982acb1498e17b5aab0f6790cbd554b7808964206b7c809a2bf4a7eecb3f2f2628001a56c4009446880c6346b9e52ebc9b881d1c8bece3f6935f9d3e513bd0271697732f48cab362ab23f27dd6c20f57df7b112c3103cd8873cd3292e85082e804f98cc6adfb2f47902f5b44a83c013f5ea5bc96bf297923a760101fdfedd3cc54f683e73461640195e2367a11c9d192edf7d2ac40f39c1f8b4a512cf360f4212532a25263a7d91253feedb8c4736dadfc9d9e944183d0412e295b7c12bd9e12e5b68ed7c358bb461b4996fc44cd332b684bbd461b1c514f80a2a19a3a532ce860a3e4232ab7feb2c7046e52a1a1d1c8982557bed5772dc0c1d98ebdc6f7a7b937f37f7e7920ab827bf67c718bf9d332fcb1de76cff7a8cd035cd8dd87ca7b785f0c6def3dfd63be4a551e7526df688ec0d601ccd2b8481682afa462eb4f1c133021480dfa934be7f78e7772edc14f2a46afedef0fec8ea46103846736e32f9605d3b0f5fcecc0a97513a80486a38c6f8f8e31b8397e26254ba9778897c416de893817487973631639a61652d1ce1fdf1375b7789eef7e6509423c62f4048aab556f04b8776b50c5ac5ca6d7cb2de67626a3f940ed21f07fc18e26543a9739dc8b96cfccc43cf07ab26b39f0ec263ace710e7b10eb21dba53525f306a5446d2ae563ea3b4f0c103f9fe86d7d50f91b859d87f32586476729bcc7fd43610acbd8c01ab05e47cbdd30baa163af8b376e9ce344fe365d462d1e0ddfd84527ae3b9bf06bef0e56b3be7caf5be8d30c9d098ee375ff002c5b494981da22b12e6dbd325c352b1324324dd9c73d35be5bf70e8b92194d4417b5944d06c8e9ec2552be58f2f68ae627bc20976381805ea200e8b6e8c5117fdebc2107fe30c4b484a1c1129ae831890fc6dfb0c6324fe5ff00332a977772bbec9704c1c6ff00cb8fc4fe0ee4ace7f765c7fbc59a0b23433120344afbebe229c9af58bbfb60aa84a1314a599f460e11019cc3d75a7daf9279e72152aac6aa69e170dcfaf0b52fb134b0f0ad8902cf5661cdf787c849ea65bb30e65f46addb7f978582bed7388b8309cba1974db8a4f288f647c6f1fab5fc6f48cc0c35d892225a28c67d319f086a0e1936fed3487c6183893820aad9d5b8371f913abef21cff00e13a2392825b63ce3ea14fd131beedca6b785712acec485ad9985550f8fca9058a0d035a117eafd90be69f7798b5d37a5198be94677b6d266d4af74cab6d05e58c32f0c682a59f6da06c92eefa2a0e7522454281a49afbc2bb5f277170ed2da2529eff0030a355259eb33723a4b626bf69a88f07e3717360d7079896a0b54785d6fc212c9bfdb7c8941a8415c10a9440ad7ce1f923600c136e19878e68c791dac368d213b81730d4287307c52e5803c4bbd7a2ce4c798a374ff34702ba9f57cacb08d5feea9064d7e3fb9de0d2a70665c4590253c605810086b8fe65c6d541e723d548f1133febf06e26c12b4a8e9cb0bb35a1da2b7a72194cf1199756c3776d861a8a475236de1ddc4c1bc78d7a27397844a58c394389a2eb36673e07c3181b215c89d4d62d59c24d5ef8a4878a597a502a9b5df0ca3c9e718cb43edc60081b96401e697d3723299f4f4223286e662f4a874fcb3427b24b7e8a57458cc80e8c0d4a454537e337810d028eb705e65bf04c6ff1ff008e104754684406745ae05576cb548d707903055ce336f7880342fee4cedd5f9e5295707997029f341a3821ec46074d4e08535050460f110795670407c0e9a7ef8d7798070782160c24b7201066ebf88607a0f46834c26a4e537e673bf7d06deb317a5f8f951d09af304d5a5c6a4b2f3b9129afac63523f77e183c350a52ffbfd7307e8f790240e95731fd4d2d02d7495d02d086befd496431b1f5bc5884761f7f2c7a13dd9655f26bb11855ca9e462a8fb102501df5634cc4e6df0e762646cfcf93d0e38e8c3186e6261c90683b3cc505ad01ab28455af8731f1aaceaf6a3847d095f9b4557ec245dfb76e55bb1139258135797b8c48b55bcd75b8b37f12938fe57808eff6dd965dbde6cbbcfa35da5fcb1a314f42914b1e2fcc0b1251871730ce1ff048f0d65a7e5eccf140f84e06d010561003cbc4569085c06ea1246d03ee43d6daa9d967e2541b85e8e065f887fec45137f4f703c4f152dbf301040c0c191fc68ae00e03d3ba67f0c8e55eac3d2fc44dc17f6ad10d428f84386625b7ee2450b1fa6bcfff007fbb1664d55b0463c39d9f1186dd1b3e24e6ebcefb24a1da9dbe20f124da68af722b260499f1cffb18510d366d8d6822ca7caf46c3823e3698f212ddd6ade1a0f88b3598dd93aa0e008949c903a77cdfa63608e4263de355bd7209842ed3862e7657eec83c9fe7cc0ac155743c0dc866ff009bc6cd517688eeaf14a2347b80608bbf5e209a9f2098c065a703243036efcc47d05473745288f29158e9f1c22cadecbabfbac6c6f1a1426c5acaeb0b0257a653b011fb039de9dd1c1bb03ac6fb8c043aa2621c099c6b48568423849a9cc4695c4ddbc512c11ff4ee6bc046733bb9927fedbf5c3d75d29b4be2086850a887a0fbdebad3de0eeedebecc0603a08d891df37f7a68eeac4292b92134a72665e2ccc1b5a8c0e254ebff0042b829f92e111cdf4b9708148bd44c312b1cf03c89edc57997b6d3d1e1897e3081fe5e975e23e0bb7bf090a4cdd39b45188211109b39e2d32424df3c2d99a3ee3f008b263cac9d88ddba4bfb18fa762685f7599343f3e65ba1592fa5c5364c73b002b413d6ae639cec9939b0450c04ce619c109c90393ece3e6f61e1377b60133cfe3f687a118911e18acab8d02462dc6d75e39f063515f9275391980fcf3999f137e6c3302eae24f1bc59bfc760e45eb8887ff0616c4f8c367e463b5f0271fbf0ed7bf26afc99f7f3f393e747ca76d58ed5d4d7af830ac8efb9e71786642fa676dd84fecb2a216627da8039ac9bb5581d28e0661dfe4563dbbd674ebb2cb4fb060d935ff16698fe68c6bdd848fad99f83db8d1fb4a12aecfca7b7de4c0fab63a0eaa183d9ed2c018ececbe099323c51adf9e67b9c1ef7fa96f73c9bf011adff007d077e5f4060ee3b2e2b81e0bf2b99e3c7654d969c296df08b01937bbbb9c05cf79ed66bd6028d3518f2c534bd176b4dc9a05794b17d1a001cf4ace2f873589fd0f89a3f879bfb76bcfd9fd4a7474d419625c9484c48316dac12b489a03e63caf3eef07e79991d67be63073f1802a64c917f7210587d878025dccea84fa3d2b3f1e8e3f98e9c74d9e96be72cf79b5201140ee4b305011b1f340ab260cf34f580012eda9794a7fb285834cfd00d89547c131d657c55987b65aa706986b3de57d44ef6dae1bbf75b3f0c07be6d57de931d42e8e099fcd197ad4fdd25d8d0ec5c35a210a4b295caa6a4ec77bc92fe82331e66c8fbde79aa5e193d4bce4301c04dac581a7ca65c57ba5fe66101e5a46494e720c549bd57e7d5534df8f7cf5089ccb97136bbc0b8d6124dfb66aea6ee95eb9294a35a35255cc88ab390616fb75999c2ae66d42f7dc84dc3d809a054e7fcdb9860f06038a87533d49df90810343a38501aac04da96fec49d6e9d77de561952dcd1a42660ee147cc606accffa8e1d47438f83333eb3ecdf2f51645b84009355f267d3486ef3c7f310114388dca86501270f616e8c70d9fc5ce3d3ccab52348d98b6d0841de4199c7974325748a3d0b11aa3817334ee6c6909d9ec18811e2f62030daaba8a8ba8babe09a058ec53a184432b576c38497f973c6081820c953611bf269d0805970d90837e120a056c104ed1541a62c743d1d272fef80d2654daa62517c58ce7ebcb87be7fb311c1ff00bfe1121073882665a0442e10fe96544da86f04ac5c40094274ae8f51b3240c04113a46a1d060a13a3c406809de16aa9191c19762ee9d581ff7a6540e95357158511aee0c0840e95ba12cac7d9f09415621416f2cdf4540f470ff00f1e412f9e8df3ddee69ae9e271736b10f1199e3bf044e52a05184924927e8174c14ae77f18405ccf65bd6934a060b1f94865bf034195eaaaa275bf5760defbe08d73f70f6743a4ee4ee20747a5c1a84f7981475af410e87791f6f952ff00f87ef41d539142d663bac5da16c853a27487424bd0bd42f586cbb78aa740b52a1044429187f81ab8d31454dafe887a04eaaa2809912f72f361762df5d6fed7f46fd226ff00e30b22acda0b096c40d104f6542111a05400f5d7e21b979e802b499aaca95d0862604a7d12a7427efa0533dbe30482fd69d5143444967532c7c42a738810d1c01b4bbc3fc7a56495a781fafbdb7e0a21086ed8dc18ac2c4a633dbf8742e8106061d552a2462ceae7a8831d923e1d636bac77e42687d2c0b308e62ce87d12dc210c36b9bbbd0da3268e21d2b06ceb0f821cc7060d8da327ea054f4ae2095f484446f889e43302012cad23da62e22b7b861e328ea95a28430257e830748c10c7a07603b3cb14d3d2c72f4a2774ff005393969c3a8c291ea1d0375e61b1f8adf642076be78b6fe0b8a0f2aec4953cade5ea625106560f30e1d05406cba9e5e21b32adbcbcf403a0408cd87920d339149707925503f493a9087a18987d88d41921eb550ed30d1fd3a80e5c3728bc1e99ca71f8bc50c3b16c5f28d9864114f26918fcbbcf93028e8b3562818072bd1edb54c98db423bb45d2d009cffe6652ba02e55870f4ce9a821fd37aa329bfa20f315adb3b118d6b427e90bf3ddb53855cc1d006c2a1b5e0780472f4c2594ca8c34c3525e39220004a4d695f4e1e902096b3f474082e328fa77b6c8592e7c385ef0ac561226e72be9d3f4d639aa0f4a3d22d8de27f7fb2508e2020d89fa2cd80ad03145e0d605d8ed71763dd8734a3a04f1bdf1c1be6bc675c9c8d55e48838e8c3f9ccb72d0b8d22d4b317cf469112cc4f069b978218af9f3bde601ec7e83a8e2926d2f6fadb83fa0c32883d79f51e9a7e2444886477890ff6ff0099d2ee1f89e18c3f487f4253d03314c65ef10dae0c4a18242a98573c5d6c963669b7e10c4ade05a69214bf57b31471fa2fc074465fa16104237eb73dfd238fa041b7eee1b412650f465900d50c547b9f04a5ebe0cbd907f4073999c011af27e32167b971ce3633eef0646b3aa4b0c460800cc005701095729ecf69a4d20d9689ace9ca9c6abf413b3a1e950f40c6e8917d165535e3e2c06ac5fee6f2ca69d37af94d509a7fb16c3763225ebd1009d56e822cecddfbde759772587e9e3e817fa0bcd70c7aecc6c8023c89aa92f4df1d9ecc39a21368ddf4d2608a8ebe570103bff1c2f730dcb8f36548a843eb3a10e3cc82b765df9644b68ccdff00e2a28a3e7a075927513adc166554133efe60744d96a8e98f58286454efe588142e5c6cb007dffdc20df5d38896c87f3929d0765fe7b30bfdfe5be4e363c241f5510a98dc886e44bb153245b0414dd727a57402d7a577279cf434b80821993bc8dcd6f9757c11691e540964cdac73707d7d33e09960bb0c33fe47104e820cd03797684124114743c1f089edf096d52e89435c4d6c5ee234837d9189cb6fc1523d1ec9ecf98738f995f00e31f4e169fd7cff00a4979724e4e1c3bf035081898ddbbee21f213fd941b4a7b0967f4259fd09673f04b3fa131fd098fe84b3fa12cfe84b3fa12cfe84b3fa12cfe84b3fa132f8d60b6bb7a3590db676fcac1cae45484dd7e639c77b55f2e17657ac0ab718c6fc971a85ddde63d81fc50208280c066610582e4f92770f92778f927fac9fef668efc28effca8ee7c99fe8e7fbf9febe7fa39fe827fbb9feee1fdf3a77759dc65a5a1b5c3948e02fcb9fe922dafca8a55e2d330dbf9d3fdf4ff007d3fdf4ff7d3fdf4ff007d3fdb4ff6d3fdb4ff007d3fdf4ff7d3fdb4eda395262ac3e601a7ce882927752f2d96cb40277531d5aa060021a179fe8e7fb39fe9e7fa99fe967fbd9fede7fa79fe9e7fa59fef7ffc053d13a53ffcb3d68f5653209ac979fdb64015ebc56d88e057f8c89281355b7c04b86ff43b258104dc9b070be87f32c732ace31e8ca6f438e2c737a7c113d063327a4c77d5866f45daeaeb593ea177e8e8886fc329d799e18bb5276619ee3c9bf91c009d27a273effcdc6f2e964c618a803b4ec45bf7b8e6ea219d914b0f48d9f782feaf71b436ae71fb21f41d2e903aab9e9151a1c38cef831e9bc257a6eda8d3631921492e2c76a8a51447a354539e80a805ae92fceb3bd8e3d458bd7a18113b33c14cbbe4174711f64c516b069345597cf9c8af197fede1e858e0b4c445ad11f87ef88e2d62e8532f0b03676b2ca522bee90ac2be105c260dd5cbd2e2c3a4611f47ed2eca9fd8cb89e91f274c16acbeb0d7e52b3efd0a97d2816b50cde7b3e99bc70398a6e93fd02761d01610376148abc1d0061ba109415707737dfc9cbc66ce3d611310657edc398817c503e5f920d9622b23c9184884a5babc11d5bebbba7b0960b2a4769b6403dcac20949647ef2c70613a5524078e89be186e40da303f2d7a09444148ce4f19beaf43388d04e9619b203d525261eb45591880adb763ee79d3fe7102bf29dc1e06d16e5bca944aafbae3421f36fe89bd65f393e826437185bf66296858626c909d61a38ced2c64abe67a7c4a4b7e9a5dca5c7dc7c617358792c16a1474c31c299dc70c6e4c8ae11fd014e81b581d967bb6b9c30429632e5ebdfc3b935fa79992640df4abe8befe913e2e181a18edbd20d364e6a4656f104ce9aff410ebd5997b789423118ac6d888529bb004ae2ffbb07e931c862abb38632c679b4c55dc869d673776957c209a34b952abf966eeacc0bf9ebc345ddea91755a07da71eb3f6bfa68253938e61ac864a381a3e1e8e8ac8eb1ee4eaeefb4d04d76982a083a7be330b99e10b02ad101cd68dc4656c01ba38da398358e62a5b072e269a7bf69908ab46f429f2f54d3fbcdf69200d043485d89582d50c1210681ebbf4317664a39588865d4173b994f7b2e6ee2de11134798b3bff00eb8b166aeda943b02fe21da7e93b0f6bb8bccc6bce477e58c767bf4d5799e17b7b7ce8b06f67a51db23ad424d504f4a00bec26bfbd0a49e07a594c3dbff1601c7bc1ca86ecc312d48f63bc54d4172143960224d486631e15e8732c727b1f6206c0cdca4ba586e7e7cfa81281670a420847587e494f45c3e6a9d025d335bf9afad8a512da9fae1965bf08a134f8cae6656f291c14f2660d0fe40d43c12f97a00319d46b052a4ced2c97e387183d9e518befb327130a6e644e796e488c1912c8142f22459dcf45ca657b4eb1db108d163b5eadff00c758d7db4cbddc30561a9172bccb8b5d592052788a4a15bc6ba07009f80ce38206b4eec2bc44d09595faa12a16ca56abb0cedffeebc12fbb77ed45b5b58e20f3e79badfcf831fcfc8dff009d3af5eef7110c94b47407a0831a95ddd7c403e9894354c0148cd848efaf7d1c13661dfaae25dac1505dc46c03871606bf8ffa571d9540e4d4118a483f78ee477c650ffac9ed07b8d35fc497a17a0c8cc10f401408ea3bc26f03bc23075433d99cdce4ef2dab6263b92c6b92506eae506bb8fc41b688979ca396258d7c0f04a7a1312a5acfbdc2d7d432cd1f73b07dbf8498bf987e26ca6eb2afb1b4d9c1dd1a9f9df39b3bf543287deb3b4664307817f260f07d2a043a0ce983abe54ef011662f769963a5d7fd59230156246a6ff2faea2e10404b46e203a2cbb43c1ece90d7427760fbe372f3d028e180e2b87370c2e5dd5dcebe30d02efcd742bb302a93d17f6874117bf83b31e793f2c344c0f139226d2f8b2f2f3086a87803431c4abb2f902da60f4b26dca765ef7f01315c7e5f19291df63a958beeccc5de4334ab743976235d7ddb30467a951e7d7d9a131ff7669160e3d0203bf40a4a61036fb35e6670271310cbdef1f131e4611f41348680ccc48f455cbd9a905e2f2aeacea09c50c70d9f0c4c2c55fdaf018253656319534c17926c6b3dbe365a17c7d0589bfcbe13525d3567a15593ecf12f4de48c326b32a541d5e9d3f7ab02847c08fa77b99020000a0363d0d60c73295aeaa046a7dcfd9c637de48ac40b4476e9424750f7ec1bbb787d6c103b7ca4f6bddd60aee65ebbb0d80585eec3a3400289573144a5d93e731a867c5000784e19779fe3b7251d82bda5c6767bf02b0414977ee2a0d0b681b3a30021178e8a783095409054dffdcd498596b5c83f647d5b7a5d0f5e744f78f95ea3ab0ede78d7e400ab188d0a7d3e40d88340e973ed04f40da3730dc1ade92ea893785fc2f1900ee0c2a00383d0f5d39c7be33fdfc60d8ab824e53f62e510500006099c311c9ff6bc10e95b7abd755bb373dd6cdae39aff00c674866b1899405558c6f027750438cf2b9d7a14d7c4d1ddef5b5b05ee3e982c1d12989cff002dc8a096ed186b08a6f0c193236e6f51f689a3f8f9217d23766fcef7448cf9fdf9dcccc11299f4addcc8e11ac1911b38ac7a1ee37b038f873f62521f6b6f059c535cfb9e8259e8d52c712618e8ab7cc50163ab4cf8c5adbf579d08904ec66ac000e8c431be3e2348604e9d0c08589586081e3de77b70782d37649921f19aed92ba0d5e1924cbd6f77f9088ff001633bfbdff00da33bb5d2dbaac4d29a771bdc2d127173c16b267f3b86fbcd31d3f8ba1ab947f389ceafca08a7d1e7970e7b79a263a62e02ba684a3bff960bd073b48c3515e2586fe0ef43cd26e7694f79ff8e877751dbf7f164bbeed60f7fc0a5e6b6de89d1cf2b06bd889a5aec45871200262cd597d65383b015a0253782d65bea4c69e3195100c72c476208ccc7d88e69b27cc05372fdad1079c49e4c91b47533070c9d381106123b431ae024c8c6cf00279381a92baeaf8335ce90e314331bf4758b4d85b2bdc21c43ca9217ddd33f6a265bbea11aef1dccdfc666bc7ce47270f27db3c4b985f7f67cc8cb3bddcff00cdc89dfc57ed2d8f7c023cb1794cb7eb462bfb217825f36c4e1344701ec44ba1bc2cc4fdae95986f1e7a41ac0cbeeb50670def4aaef2f2cfcedfcf12305de025741cec129bb5f06b3eeccf107b5a8e0f53a6536b79926938ba99f781d599798c18496a59977706206fb4ac739e8cfe96f832ab59b63aa38893ebed7c78bf1c2451f77a6384eba366d64aa34e10767ecc06205afa956dd92eec0f333f922a8c9c1cccdc99ca67a1b3528f663785296e2fc12a6dbb989b88ad5d04dc0c861391d4848569e99185e0ce80a2a6b199ced4919baff0a59ed5da76620b6d5f38575f1117c69aad90c4517da2ef1d8c6cea25287df1bc7f4f559a2a6651f10200871df447b8c8eb0b501eb6f1a3acee619a4c44da7f8bde2e6aa6577bdd94f2238c932dde4660dc6eed8701f1e056f681866c1aa447183b2329e4670183a6bad5f08d35e4e341a410365474e9a9979a1ebcfe75ff007b62fb90a029f7bdf7b7830674c9f0413a3a3c305df5e961f697187889f224b705236a892f9da57334f92e857ec3a4a1ae9a5ca43f77025563e1400001b0627b3f0d596b574be209daa64d72ed57044795d04f1c6bbcb450ca0f8dbbb2ded5b0e3ccb45ec4af99615000d256856ca995b949cacd0d7cf6222338b1bc48a84a17e30be9f7fa329e4ccf2fcefe186d3a2b5e098537a27843e78b257d27987227fda612c40c3786e8a360c554f186885a5dad78220fdb662a0d6bdef5c5f2aaf30dc293fa3a54bb7ca0b3002b4ccb47a541de7baf7c0b733a9b120cf4f7bb2408377b3d0da254a3babaf8a003d083df3e8166fb31e5daeba102a0e03a898f40d0654de5e59f5ceebae189d16b9882a8dddd8e4d9472e6295787cc10bd21d2e2e3f9e49f7e6f17aa28ad63f175be5c74a13cbd30b668ead1a97cc4bb8b19b087ca03f092b32634c8e851de22f4a4c791f3c92be63f5e65e52a01079562f5b220560dc3a3c212a9ba512cea5264c239470a70d9632cb37c21ddaffbe52b415c1d1e802d79f9d276fedf2abf4710fa406af97980a0d69bc22968689030cdd72293096f63a746dd3ec04cbd1b36bba0cae9ba277cb6c2503a59479ba65ecf3b5ff32f4c16de5795978f03037916402b33930058a5044454d4931a1c40727edea76981882bafa2afdf3bb466938e63a2b94ee9ab6b13b70409f3f469866a3ec5d07f0f4b2f888f462b0d13f6fc989e96c2bb84d1ff000461d031716fbb4818e6a01407a042a0a8fdf0dc86010a9e6fe3604abc4e0cfc42e9443d9c310db4da57427fd8c455baaf4b433f967edaece09b294bf260cecaa63518b18a17c1181c2c11239c64dbd8b39c26ce59677ea20b31d6ac30bf2328dcb9e2ee75f8fb1e5e9b5596879443c998af83d076fe139e1a9ba74badc4483b6f2f859558eb81eb7bc11b9c0bf78e42a3e1d1454c57643b850332242e4d8c7e6c3221390c798889a8928323e8a09753d9aff18b9c826aff00c99f837768e6b99a27960ca0d7f239208c6c38293e9ba931a3b1f6a6fc997ed4c12a0af08bbaf3c8cdcb31ea1e091371f6fca95c0dff002c28002836860d8524e2eb629fc414c7292c25f633ccc7c9d3977f24ff00a5c41fe7c3d3613573f75383361fd1181a109ed6a1e3644e5439e72c9348f27c3159705dc89655b41da3c5fa1a99d8f861fec2bd05ba8efeb61b1f1a7d081820a7c680c6b09c071a0ca996f9cef7a78e1f72a132a621acc4f1b87191e70e6f7f388253a1095b95a694fc81c73c422744edff0032840f043e09478cd11371be7c39eba91dccf821909d9cc369a4db83a9ea7f15ec7ec4198e21add1df36be21708ff108785e8601b089b713a0d5a545c5427d944e2ef96526e8495fb58d9b37b8424d600f9e8c223634c17686826b241677a31c2dc045f3f7b17851aef97d0e9abbd3fb0e5e7a8c674b6e552bcf09dbb5d0ebde17e16254f9842a2c50294fdb4234d71e552a3d898b7b97348e45851c017a00307a3e1c087443671899f4547b32cb6731db90206fdf009f6903e23d3b4a04619262fc4d2f63137d3874ff00b3d1940be19764365017b119e711b8fe48cabd082d6768b95f09374b694020d249e65443132a5742d7041b79e06ec63b663c4ed584a8dc7ca7aa5671400ec92f1eaf4a4311d7d1e3efd0f11f986508715eb2f372eee49f00dd32f36e0a1bd5c34adabc4343b29e654f99cc847d35d3f0cee44640d30c5d399382cfd604af667a0283521c37e40a7d14aadb3ded672e14ee64b31e82a55a381bbc8fd7ce78b4cb99d9edea729c46652bfb8ac1c3f8e1c12cb55a3373bea03a1d1748fb618200034269cb507d24b30d97ed7956e7a43b599d35f5bfe3e098f1f7f232de1cb1026a31a4ad0260ecc5771e7fd8c10d07e8ac588b3baf36f5fc7e4ee4bd57f2b86055a746ec2be27d1dd1af24211848efb3da3288a683280a0990ef28262a7f163af2afef3c72491b79cdcf15fdebab0a4d03c9eae3eff9583ed86798117bef0915a222a40eee91f3ff000ae0d7004843e27cc20ef982bc888a3a987d46758dafddeec840c6e012b99bd5d58c1ae84ac77c60357f2e776315d29e252ecf55ae6131d2f88662ec0ecc4a5e189dfdf74e632f97813434ece672f93cb07a382dd6fbdc106b08ce03fb4334fe7cfe1398dbdfd4c1728fe7520fc4cef3ce8fd9484fd7c831fc9a97dcacc3784f020b820577453e7d6baba3c7fcc25c943339315df25d302c13b1a4b182a38e06183a596c7d5a43d2c5255848d8c7669c1efd19f1440ad4f2fcf172b68e09479bde4eddf99ff0666ff0727e2d830bc0979b3b67502017b99876fee2c77838c662837563950b594f97bf04f10006ed4ec20b1e087ee31f2b3e8337bcd4353b36966523c5f7532977331f2a4e79d580ed825778cafa0c6c3f694e49a985e4a455e60735e21a1e2293a7945ae95bdc7e3fe467b9ff00a60f2a19c1fe465c7904455de1d199d5d3cc44e013ed1a5c7efee4e1b96bfc44d37f1aa7f4d67e399fe35d5ccfd537c777186cb430186358097ee6cc20edc52e53826befb3bec43ffbfc33b35b1dc6c934bf316f55f76e6866074a631822b7edac96073f9a1675582e3ee0d4c4a3e09ed1398ac7c70854f1744f74358e9e39f37c9200f34c7f0f0f4c64070f0c367c51efdc9422ed028de1bdd0bdaf1b714d56d86d55cc92f966679df15850d5c1d35f2968d059b65d852c3b509688dc5e32c19452f6f84e54a56e333b2792d5b0af06a5920996562f3cc36eccf9b88cbf718b3fedceb2c176a0e0e812bab362df30dbb4d9f899e12bac73ca1f32c5533870e0b73c9061b6ab8fe13396bf6ccf1bc5db313d27d35f126b5213b73b468cd31b3aa093a93ece20bb410517ddd2e669fe347e369f2fbb26dddc354c6d14bbc47e798dd9cf9ab1eafe5c888ee3e94a99e2b350bd938b2f982727391f92fd4e1435e0d128bf4a5b11bee781e581da4f23573cd2f5fc9333cdc75b6b9b9a9081a0504b5584dc734583b51314df9e68c0c6c685718c2acde55f4b93a65d03c076a5f4bbfaa648e39795cbcb1d25d32dcad88da018b66c9793d1058139fcefc69261d91e97368b92b193f08fc107003c8dc585049da3d68183f3ef3bb76371626aadee43af8930c69396e59fd3afff0003bbc12e6176568db820ff0082e9901afce72565feb0d681497933a43d45db560192bd5a948470ca9daae55c40b404bf12bda6e2609ac931efc109b8ed989da5913ee8c05231e589329d9514e2d998ff00dbbd8bb7c0d6fa1d747696a096aaac084a22b9c9810180e0ce60076867b425037dc8574b70307df833185e0d829a108538758b38f95eed7cd683febf66540f6b2cd344b96c7f4357981a376f33eee8426dedc729cfe391bf3c958b1406826251ae11e0e396598b2b483be659cc3028663ed34ed2e99e2be263a0ab1d36888b9014f8102eab79a58c0de1359c6d2b6fe49d6fbbd005a81cb36be688aaaa352ea7698803bc70eb1c883134b20aad24da466a99c00c2274605c2365ac54fbaf250831c61eff000c10e78636d570921aff00cb1a439a771c7e6a4920f28f42d16b472c79767e91febf79a6a0981e67ad79677ee112fd9d31c2e19bf4279665ca805810d8f318a92a84b1a66ac248d6708d0400312189646e0e711799b4626698e0cd3d4ff7ce39eccf6e483da9edcf624e823d99ed4f6e7b7390619a45462f665e2e93ceae9ed37faef55d3f80306fbdee87da6221cdd9e3e7325c0b9eca2094de9dfb5869a7cef4fe47c719a961078a4dd27b33d99c8d547867b53d99ed4f6a5e29eccbc7213a49ead8ceecff00f7552bad4a94f4a952a54a952a54a95ff8ea54a952a57e854a952a574af57bf3c9ab388548432ad31ea4cb7af9eaf7d362f40ac5eaa8cff9ea7fc90539503f27a3398e9f27d3ae63a4477ba5a41c1ac70afd3fddd95559526e3af90a82c503cb0d0cf5f93fff00abf5555cac85679f9ae36777f31efb16113bfa768af53d088ebafd0aac0dcb98bae309ee33bde239ceab6bb9ec4321572dddc6548401d81ccd0330d3f6cdf32ef7a7dc80e5637413479a59f7e0a0a5af1e129a72524db584eec6cfa69058323043d3103609510c75aeb2502d42e056a29dd848c4f40975b74b254afa5aaf2c3e8bbbcb9569156de728fad3f330ebe5538bfcef28a952ba54ac2240d5b7dc615374c95f182afb244e5cea68bae4f0eb0579cd457a81fc4228fbb9207a08a095d1a0ab413b9448001bc421353c5bbcc646b0e32baec22a7f37e7d0ff001dcf38c2e226dca4478bdd444fb90a8ef99b32817cb1bbbd4883e806de0dd87ca7bde1aa7995bb3bee7a1d7790d7bc840c54632b9334089a8f43e84d0f5122089f77e697bcd128a616f17923bc89f8c5dc64eb2ddfb5752c027282ca85942d17646bf9bf95c31f8c8f294beaa8f99c6f721c9f72dfbed83ea1a2a6051f9a030ee058f763417794fd30a2ba90b11acbc119d78e23940d747cf872cf2d9af948083901b19b7953e398f02cb1ef6309b2cfb66fbb6846b689ba587f2b1fddddce3e847bbbac4ea8b91ec2c6292e194eb952b5c25772077b18c22208cba3d697859d48b2d425333128212c149eec0d08e1c1c300e3f459e3a28f30f41beea4149e1525cd69ad2fce71d3cb9ee6ca4c7b7f0d3e6558ecf84148d9acee3ef7a99b03cb49aaf0b2af30084b349b2e19274a3f12a00680b7cb2f37988f912051731b91e085f1e7d93cbcc2a2301130cbc796dd3f3c1874a5e7489a90787df7d1e966fa7a763085b6f496f41657fc33e343dea296f96ef3359a967a11df4d46a4cffb26382d75dd294cbac11272423bb55b29ee4a5db4f5621675addda319790f3fe085c28e57cdbc523cfafc8404d5f030ce2f5dfa8a16ab57887036e0c0f0ef05f6862f3475104653507b83b31bdda2791fb23a24bd98d7cf411a17c9c31f72d5e222dd0d720cb07da76cde171589de86f065836e0f30395c1374305c2803c7c3cb0e55afed12ba95da73773000d99745776188fb0eb85241d76bbf30240ddde3e7ebf84fd907c121047d29589b777b1c107f1287bb9813e3f467a51eb509420d298c66c2af6b55d932128996447b92d52d2c1d75ea171a3563328783788e645b355e9fe3f4ee94b189fceaab9b40fe04ded2f9d8ca208557ad4fda3b6bdbef2dd9690ac1088272f241773231e2fb99791f073a2598f720baeccd9977897fdc9771357da77ef6059632c7048c61e73f8c98f00a8fac6c995d0db6872cc6505da1cdf621e15a3ba3ac92e44be51839d491be348ad378ca7bc2ff00f7fcc34d2341c01db88b5fbdedc0e62f185a9df74f8876b7f4c1fd7e69c6f8ba1d97650a65b1971c143416266c97da025e59208ea3a333e76f3c3662763332d14818011057a34b79788ed6cc5b1e789b97fe227cf9a402284a6435aa8a69deeee23dd977d0faff00e99b11ce3c10f06c4a8ebe156419ca3141b2addb95eebfe9b826559bc91943b31e4c5cf811fd8f9815d258d8dec22abdd3ca869521b1cdf03811324d47b7b5002839bedcb1cb92d5ca27edf6f83ed18e4da93b0c2bd16179d64c9dd8c9af83c42de29cb4c3304994e054b6eb5b36cac6c500f79867618b9c2787c620be950db0a83a24ce56f97f2c1a435aac6189b7286133252b7234d6ef9f78222eda4e9979bade5a8dc4d82640803dddfda34371f3ef8d7681b74b9a897e379f46403611bc3ef689c0f67e1a64fbead4bb11348d66076b2db5742b82012cc911e067c3f7e06fbc21e05cd9299fde3d498ebde29b77208007eb0c4fda63ee60fb8c5c0151f1517ccc2521d5b5eeac3008ff00af2bc40d36429a00334dcd1931563ee4265974e67dc5b39ad15a875507b3fc0e2356b2b08942cb409917c217a4c3e019f8615fb18c5504dad1fc1978de65c5354af212faa737f9f978789a3e6e0369b112e21a6b47087f0a023749f64e942e4a8daf06a0317567f2aeac33cc9af995475332dc30b53b32767b79c57bded1b5f2bd2d82ccca531f5e7fcce6232e9da40518761d1a292756c5214f22e3c2956170f0f2f103ab05ae5e57e63bc64486ad48d77889c32ee4e6218b989b37c66c04f989b2b95600b3dcd98f0443033014c77f960bb88c22b49c8a255e0a1f24d11a9eec0c4d22561b8c0111556e0e18addfd9e439ef4aa741c8c7d5d0989e3b308825fde09e217ea5b4c7f1c6a4b8e1270c3a76166b0dff00876d3640bf4b08ef4b29a9ad36e8423ca1bd89b38b9c5bcf4df417a3931ad1a025ce9f6976e409e98251016f6a8f4ae1d7c1c0fb18a250000180301336ae72e94d27cbf9b2e1f6d51a300d100a097705f8cc740f5212e826f2e72b965cd5a27f3c1c3b6c74be657f3dd6894db1e718bd59d8454cc43692985d131cda77e191005db59e4532ea0ca9b8b40370ef10f2b64ce05f79fc0cb577cf38214f860c10ff00459d0b045b7f24a25f6dcc4246158963d0efd6c704d53c7df920290fd9546e3acece790af27af3249ac0cb95bfc10af28546854be85b096aa027d1375e6080000501803a0dcdb456478be78199f87588ee682e417ce14ad146c71d6956b4195e081885e2c16c05fee39201da11df17fba8804a021b6916aec4cbaf6eb946798cfce7d63e205534590f926733632f60b19aba39ce53ebfc1682a8c9e79ef0ed2d682dfe046e8225340e952c4c08d60961174fa3c7d3a05fba0611d6681fbcd5d6a2eb2bba7f13a65919ce7c90eee2eb374fbf7b35bbe8f63e1e9ec77b7e40c30c7fbae44213417295de535870f5540b2006a65c08f4157f6758966abbdf7331b554ab61c6fe043edfc6367cde757dd98ecfbbab0e9ba035c8e04cc5dbcfc9e82ed7f9543d346976c7e75f15ef0ad8d3116a0c7b63b1e59e50d6bfc92b1f0c2b11255589ccf17f383e49a1f19e43e6c88dff002c666b05f7f2efc829fa76113dafc3d7f6bb4edd279206a10e2a1a0b93e637099bf274e9f99f7e1d754fefdd9fc4fa2880f78ae2cd1827f1f67798de75dc79233d67fe1bc90ea3fded20590f2c601852a6430cf0a53e23d9e311daa571d2a8eec4d2a86545b0c62a18e393e06eccff00abfe9b631296a944417e8d7f82192846cdac3c5dfa2a88779f14ec25ae5ea60d3171bbce86abcd5b0b729bec30cd0e0235eef687df35fbab1760724cb62c38b420821ed133923b217347646594ba084d2b8e78f9bf1363cfc30f3d8b520e7ac495b7fe38a2aabab2f1b038497275790205f5414684a63ef0f7d39f2506fadc6d98e451839c82531b760c10c5b033b32797b232b179fec3862942695a99961e43ec4aeda21434da0eec7d47cbdf17bbaa795c3fead099b252a7951267c0d9fb12faab757472b69cfe678083198aad7766985f025755a26be5c77df423cd6f6f399eac1d140b38225a9af65141d43cb52fb4669952c65c172fd4855947cc17a7ed4a233b0460f2cd356566f7bff23897e4ef4582c3512380494c7dc742a0de33c1ca6a07ac41c840f32ed906e1e49f9010ff001f1068adf6e1b5bae769bcfeff00cfb89e55feb82e93cb78712fd36883045bc8723b24e23f1f7819f21d32be6caee3792371f3f5aee8d16b59e4fe6639763090d0c2bb15933dde0d7fb3e1c5367acafac80d12e244cfc264fcb307f5735f7c78e6ce9f6364e46e369e1cfec87ee5cca9ff0017e2025174e58fa386c8e8fec135cfed7ae4dd63dc7fcf91f1bc015266ff00230b2bccd4fb4657b617f272e396b2569ed1652b9f1270c18ec45a96dce3736269999c7410cf1531381254ddb7e9e491a7d8029d27e5da701a1461ea679472ab4798f12fb3931d128c757b3c2fbb014861f397973bbd10cf74ccd8d198dca2e1225e737ec4ccd8065a4d0afef89da789ff002491dd409ad54a8f65622d0bde17a92b1da7230c59bbecb4f4de6c70cdede226afb99b47f249e3c6c0816c7824d341d01e9d437fecd3535f76f1c26eb353a0bd4bfbe6348b894d7a6754edeae6b1b6442e96d5405106bba53187e36545d353003b242937422d72f4533419f3d3336a74cc368a9ec9bee22edcff003a74418969da084d35af273edd2a2e8fbb13a3f1cbf2e490f4bf3b3abef748cad76bc69f6f881a69996a183007e083b7494c9b94a6a03d1676ddf131e110329a3608415af85d786f1d7cc66bfcf8d3fc74e7e04fc52673f96cbfb1bc7cc6c9f0f726fe7a0c729fbd1074d075a13f147bb0556d23be6330f9500cb75fca1d2b55f5b4c3cc7bc60edb22d666ce1999d8e755336d52ca78acf4936c8f71197fc7166ccd7edcfcca2dbcbf224d0e975f4ae044159cb06666f26c4efa66aafcc0bdd690795c840f8d23b53db4fc9888a5bf32f92243b67f1754b70660b03d9801d6fa138bfdfe691a2c6ab8b712d175f8969dad8ff52e0a7cff006cad5781888a033ba6a9a3dcb15eb67180f02a20821d1f599ce77a515d56d886e9f34e1a096d54c55115a3c0c4a609421b96771289a6a7d66d76998b690942ce24fb8ccb23352abe4f499e15f6e8305ce4687c1947fa98d591966ec41eddc4631c42b2b03ac808536488b91b52fc199fab37218f5a845b6435abac494a1b093ad059934e8ecc9a892f6dd74dc84e2be497dabb10560a78129c1fb999e3396b29819675e9965cb4f5196ab6d2c54d58e9fdf4ca4f0e928c914b4119a144c54aaba8390c3356c30626e094a54c0d3f1d1d9dd64f9081d7bd64e7545f4219c4fa58bd374c5c4b9e81171d0c4bfee7bc978559268262fbd6dec3aa55c56fde04a99f8b321d7648fb4eeed848906ae89f361c0a57a8d6137d5d3cb82317f7eb9665947a3205b1f2ba665137a0659797f399f82734de6217b5e8bbad0868cb82c988b875ee4acd45dd803c4a8a6c875bd8949befb4ff007d76feb4e214ea5c9c31d5d5dce66dcb27a2a0215b455b0187467ac91d82683ededb186b882183d0e4a7f445c12fed37c7d01cf2cd1b4c547f908b98fcbdbe794b6225af2f4eb3df91b57683900298faed740a3beb0d0eadfc31f9c7a0e9addc8507fb63fdcf2ed26469db0cdad463b31f2f3f0c04085955c906af619957d752a57a1c6df3dcfe786f88607418f312bd352bf40b484d51fd1e868c5376ef61de3ea367c64b2765885b2620ae666542adc6ccbd8eafb01b41006ec428343f2dfaa889dba2ff0094b6b532aba13f47131f7f6abcca1bb8bf3bc2608363cbb90e002e49b2b3fb7d0371eaaa0ac30ed156d86bd62e43cb90a2378ffe28da1ad8d267f602cf2e5f2c7f5451131b5e7e22010da7fd470c9101f9487e1b95ec7fb0c423e115a415f51500de871e6063bb97a935b22983235d0a3347339da7dacb436eb7689abd905f6dec1940a001f88246916d6a1a935a917b9e0472eef7844a5897d215fa14f632f31ac88b33e481496b0c6278f84be7d6455b7ff77e9b764699216d37fc71565d016ac5c03da39fbc4add7b6532c22a8e3b12962b99aba15339899c19a96fbf412335a2e7c4254532d451972424ae1833f795327b0c27b4c1e48fdc742a23d8263e32797ff2115a7695da6b7e0e8c43e90a657e5790face33300f85d93bb04b264e67ccd02cf2174cf832d0f8f442df4a5cc210768897ee355f999bbe3e272290a00e0d3a3a30a9f7b787e656dd97eb0b11cd67780d636fbded3a452918718edef00f8050133958fbdaa8a9ba51d29969555eb3402c60ba90b6e34807ced189d0d6579cd92976fa7897d8433033ecdc601898c62e9e205cb471add9e592e46929e4864e84cccad406cec9298db6be7bccd6f9dc0922cbb8e9ebbc7c763db014571d348ad621334fe9fe198175f736420874d808152ce7a25e2681471f0c36f5205562d738274da710fc10692fee06dec252dda72f04e5105f23111e6e83d04662942261e7a441400437f62e03aa25c4713b9c63911de0694f3284e46270b99dfa22b97cbfcb2175778dc6842b462bbc94303ebaf3acca9b40e55cad766bc3b4270079e1215cb979bce5d21a01c7a98515e5e87da77bf0a4e9d9a6957c48d02f891a27f02605faf39bdc9673dbeb2fdaff003e38ea57a1e856334d218dfb411e674fe182cd8ce35b26d6ca5743ccf4957b881ab822bc45b289de1a13dbe26f11071d843f32d8c70642ec9d3b32e7cbce94fcc754fb444caddd1319bc6e1c8dab99a2ad790744078de8d40c788c91cc77e11548963a4c8dea0298120c13b7ff008bf4756fb8d91b0578d86c7c59cbf061d2c7e78c9ec85333a503f4168b83647e55c0dd86fe3b773cc0558568d4e98fc6d1c0cc64fef6942771c5b462f37dd20af27610b15f54228131076ff84445eb0f6d631af997f10497509481b0df99770e0e7ba25ccd5527c9a4e09597874dfd17487f337f9cbc3056a6a49668950ba5479946e2c47de0aac8c89f733135e26249ff0053e23fc7d9446d58d1d2ff00f254f09ccd27344dbfeb2248c05d2c0c945d3d92b778335297f70dc11217416c58df0a8012fe8277d3c6566a70fe2f4dbf512dac42bf2c340670a25dee685958d64bb938979ccb81ced9c9289e69b27baa05114188f733dee11ba012654c2ce4e892b83aff00e0b80d05cee7921d77b9465c060470cd586b2fc3679ba89ea5a4cc43f766fc131fbe4e71f3f240f19a61875f49094120337c1de702dedca65efb72cbebfb013361e4cbd0ad50192f6de2ee75761d2590d5d4b1192e008a2b3dec769116faab10523336ee3d46e95e1ab2bf53a1c22b8016d36cabf7cbb70a945ed4c21740334bf0cef24b253ca032c9e8075dba0da33b0c13e920710b8008cc9f211a4d3e4d3631ecdb8258276eaf0af572df99d8bbfb7c20e5bd031f48532d5ad8e2273ff2eb2e8f3c77eca62af7e06be4c91cb7f18579d66c7a34945dc75bcd63da9ab91ddeb878a16fdb483c87f91b98415180e0271e31588d306468757646eec8753c475f56f54a9f7457b1398ee4efec254b73274b97416c97ee2d6f0c4c0eb8328ddd9808efb91df9d34fb38eef7f73595fed1ae3a10b2d3c4c71073bc1f3f6dfa2a3299447fbd7fe9a6605f8f6243ad7a1c94e4e18df2a789eb751b9a0e66547a1aef02fabbfdb6d08a0b6072cc087f196f54c5595731ecff6ccba5bb44e5ed2f46f59c7a8774b8a98c82b1f1716fb99414898a025c44c378fa3047d265c3ccb36e098215749df00860b24d3547ec17c742f59bd76cdb0b61c5cfc8cc21e72aed29761cc3a587412c918285be44121a6895056b998334861c7f7b2b573fa6bca6d0556621f478240b69c02aa11841be599068421d347474888f0fe581cbd5e588e6ac12a6199a29d2ed2be258563b386ef06619f41444a05df4e9c39aa0bdfc3ffd9, 'kike', '1234');
INSERT INTO `empleados` (`id`, `tipo_id`, `nombre`, `apellido`, `direccion`, `telefono`, `edad`, `sexo`, `email`, `foto`, `usuario`, `clave`) VALUES
(4, 1, 'enrique', 'diaz', 'villas', '987', 18, 'masculino', 'weeee@hotmail', '', 'isai', '$2a$10$zPI3QMM8ItG7RFxU7bGITehS4YNRB/M2P5j/IzKP1w7bJlGrDitw6'),
(5, 1, 'Enrique', 'Pech', 'Av Kabah', '984127738', 23, 'Masculino', 'enrique@gmail.com', '', 'kike12', '$2a$10$U0JrlmWkFKvECRsnx7avMOgp8ypkzIk.PLhO73swWy9dZfjN30PjC');

-- --------------------------------------------------------

--
-- Estructura de tabla para la tabla `inscripciones`
--

CREATE TABLE IF NOT EXISTS `inscripciones` (
  `id` int(11) NOT NULL,
  `miembro_id` int(11) NOT NULL,
  `paquete_id` int(11) NOT NULL,
  `empleado_id` int(11) NOT NULL,
  `fecha` datetime DEFAULT NULL,
  `fecha_fin` datetime DEFAULT NULL
) ENGINE=InnoDB AUTO_INCREMENT=11 DEFAULT CHARSET=utf8 COLLATE=utf8_spanish_ci;

--
-- Volcado de datos para la tabla `inscripciones`
--

INSERT INTO `inscripciones` (`id`, `miembro_id`, `paquete_id`, `empleado_id`, `fecha`, `fecha_fin`) VALUES
(1, 1, 1, 1, '2017-11-08 02:57:00', '2017-12-08 00:00:00'),
(2, 2, 2, 1, '2017-11-07 02:58:00', '2017-07-07 00:00:00'),
(3, 3, 2, 2, '2017-11-20 04:07:08', '2017-12-20 17:19:00'),
(4, 4, 2, 2, '2016-11-20 01:08:00', '2016-12-20 00:00:00'),
(5, 5, 1, 1, '2016-06-09 01:09:00', '2016-06-17 00:00:00'),
(6, 6, 1, 1, '2016-06-12 01:09:00', '2016-06-12 00:00:00'),
(7, 7, 1, 1, '2016-06-09 01:09:00', NULL),
(8, 8, 1, 1, '2016-06-09 01:09:00', NULL),
(9, 9, 1, 1, '2016-06-09 01:09:00', NULL),
(10, 10, 1, 1, '2016-06-09 01:09:00', NULL);

-- --------------------------------------------------------

--
-- Estructura de tabla para la tabla `instructores`
--

CREATE TABLE IF NOT EXISTS `instructores` (
  `id` int(11) NOT NULL,
  `nombre` varchar(200) COLLATE utf8_spanish_ci DEFAULT NULL,
  `apellido` varchar(200) COLLATE utf8_spanish_ci DEFAULT NULL,
  `telefono` varchar(15) COLLATE utf8_spanish_ci DEFAULT NULL,
  `email` varchar(45) COLLATE utf8_spanish_ci DEFAULT NULL,
  `foto` longblob
) ENGINE=InnoDB AUTO_INCREMENT=2 DEFAULT CHARSET=utf8 COLLATE=utf8_spanish_ci;

--
-- Volcado de datos para la tabla `instructores`
--

INSERT INTO `instructores` (`id`, `nombre`, `apellido`, `telefono`, `email`, `foto`) VALUES
(1, 'Enrique', 'Diaz', '982345746', 'enrique@gmail.com', 0x696d61676573312e6a706567);

-- --------------------------------------------------------

--
-- Estructura de tabla para la tabla `miembros`
--

CREATE TABLE IF NOT EXISTS `miembros` (
  `id` int(11) NOT NULL,
  `nombre` varchar(200) COLLATE utf8_spanish_ci DEFAULT NULL,
  `apellido` varchar(200) COLLATE utf8_spanish_ci DEFAULT NULL,
  `edad` int(2) DEFAULT NULL,
  `telefono` varchar(15) COLLATE utf8_spanish_ci DEFAULT NULL,
  `email` varchar(200) COLLATE utf8_spanish_ci DEFAULT NULL,
  `sexo` varchar(45) COLLATE utf8_spanish_ci DEFAULT NULL,
  `foto` longblob,
  `fecha_alta` datetime DEFAULT NULL
) ENGINE=InnoDB AUTO_INCREMENT=12 DEFAULT CHARSET=utf8 COLLATE=utf8_spanish_ci;

--
-- Volcado de datos para la tabla `miembros`
--

INSERT INTO `miembros` (`id`, `nombre`, `apellido`, `edad`, `telefono`, `email`, `sexo`, `foto`, `fecha_alta`) VALUES
(1, 'Daniel', 'Solano', 29, '9887876', 'dann@hotmail.com', 'Masculino', 0x696d61676573312e6a706567, '2017-11-13 16:14:00'),
(2, 'Gary', 'Arellano', 30, '92844757', 'gary@gmail.com', 'Masculino', 0x696d61676573312e6a706567, '2017-11-05 16:15:00'),
(3, 'Kike', 'Diaz', 19, '98316373568', 'kike@gmail.com', 'Masculino', 0x696d61676573312e6a706567, '2016-11-23 15:54:00'),
(4, 'Miguel', 'perez', 18, '986253454', 'miguel12@gmail.com', 'Masculino', '', '2016-06-09 00:39:00'),
(5, 'Julio', 'lopez', 13, '9876435687', 'julio@gmail.com', 'Masculino', '', '2016-06-09 00:40:00'),
(6, 'Roberto', 'lemus', 21, '866778654', 'lemus@gmail.com', 'Masculino', '', '2016-06-09 00:41:00'),
(7, 'Fernando ', 'Cantun', 34, '657543578', 'gorda@gmail.com', 'Masculino', '', '2016-11-25 00:41:00'),
(8, 'Angel', 'perez', 78, '9786457678', 'angel@gmail.com', 'Femenino', '', '2016-06-09 00:42:00'),
(9, 'jorge', 'campos', 65, '86578', 'joser@gmail.com', 'Masculino', '', '2016-06-09 00:43:00'),
(10, 'Fernanda', 'good', 16, '897543657', 'fer_fer@gmai.com', 'Femenino', '', '2016-06-09 00:44:00'),
(11, 'isai', 'pech', 12, '98252', 'hdhd@jggg', 'masculino', '', '2017-03-18 03:51:00');

-- --------------------------------------------------------

--
-- Estructura de tabla para la tabla `paquetes`
--

CREATE TABLE IF NOT EXISTS `paquetes` (
  `id` int(11) NOT NULL,
  `nombre` varchar(200) COLLATE utf8_spanish_ci DEFAULT NULL,
  `descripcion` varchar(255) COLLATE utf8_spanish_ci DEFAULT NULL,
  `precio` double DEFAULT NULL,
  `duracion` int(11) DEFAULT NULL
) ENGINE=InnoDB AUTO_INCREMENT=3 DEFAULT CHARSET=utf8 COLLATE=utf8_spanish_ci;

--
-- Volcado de datos para la tabla `paquetes`
--

INSERT INTO `paquetes` (`id`, `nombre`, `descripcion`, `precio`, `duracion`) VALUES
(1, 'Basico', 'Dos personas', 900, 30),
(2, 'Normal', '1 persona', 500, 20);

-- --------------------------------------------------------

--
-- Estructura de tabla para la tabla `tipos`
--

CREATE TABLE IF NOT EXISTS `tipos` (
  `id` int(11) NOT NULL,
  `nombre` varchar(45) COLLATE utf8_spanish_ci DEFAULT NULL
) ENGINE=InnoDB AUTO_INCREMENT=4 DEFAULT CHARSET=utf8 COLLATE=utf8_spanish_ci;

--
-- Volcado de datos para la tabla `tipos`
--

INSERT INTO `tipos` (`id`, `nombre`) VALUES
(1, 'Administrador'),
(2, 'Recepcionista'),
(3, 'SuperAdministrador');

--
-- Índices para tablas volcadas
--

--
-- Indices de la tabla `clases`
--
ALTER TABLE `clases`
  ADD PRIMARY KEY (`id`,`instructor_id`), ADD KEY `fk_clases_instructores1_idx` (`instructor_id`);

--
-- Indices de la tabla `cursos`
--
ALTER TABLE `cursos`
  ADD PRIMARY KEY (`id`,`clase_id`,`miembro_id`), ADD KEY `fk_cursos_clases1_idx` (`clase_id`), ADD KEY `fk_cursos_miembros1_idx` (`miembro_id`);

--
-- Indices de la tabla `empleados`
--
ALTER TABLE `empleados`
  ADD PRIMARY KEY (`id`,`tipo_id`), ADD KEY `fk_empleados_tipos1_idx` (`tipo_id`);

--
-- Indices de la tabla `inscripciones`
--
ALTER TABLE `inscripciones`
  ADD PRIMARY KEY (`id`,`miembro_id`,`paquete_id`,`empleado_id`), ADD KEY `fk_inscripciones_miembros1_idx` (`miembro_id`), ADD KEY `fk_inscripciones_paquetes1_idx` (`paquete_id`), ADD KEY `fk_inscripciones_empleados1_idx` (`empleado_id`);

--
-- Indices de la tabla `instructores`
--
ALTER TABLE `instructores`
  ADD PRIMARY KEY (`id`);

--
-- Indices de la tabla `miembros`
--
ALTER TABLE `miembros`
  ADD PRIMARY KEY (`id`);

--
-- Indices de la tabla `paquetes`
--
ALTER TABLE `paquetes`
  ADD PRIMARY KEY (`id`);

--
-- Indices de la tabla `tipos`
--
ALTER TABLE `tipos`
  ADD PRIMARY KEY (`id`);

--
-- AUTO_INCREMENT de las tablas volcadas
--

--
-- AUTO_INCREMENT de la tabla `clases`
--
ALTER TABLE `clases`
  MODIFY `id` int(11) NOT NULL AUTO_INCREMENT,AUTO_INCREMENT=3;
--
-- AUTO_INCREMENT de la tabla `cursos`
--
ALTER TABLE `cursos`
  MODIFY `id` int(11) NOT NULL AUTO_INCREMENT,AUTO_INCREMENT=3;
--
-- AUTO_INCREMENT de la tabla `empleados`
--
ALTER TABLE `empleados`
  MODIFY `id` int(11) NOT NULL AUTO_INCREMENT,AUTO_INCREMENT=6;
--
-- AUTO_INCREMENT de la tabla `inscripciones`
--
ALTER TABLE `inscripciones`
  MODIFY `id` int(11) NOT NULL AUTO_INCREMENT,AUTO_INCREMENT=11;
--
-- AUTO_INCREMENT de la tabla `instructores`
--
ALTER TABLE `instructores`
  MODIFY `id` int(11) NOT NULL AUTO_INCREMENT,AUTO_INCREMENT=2;
--
-- AUTO_INCREMENT de la tabla `miembros`
--
ALTER TABLE `miembros`
  MODIFY `id` int(11) NOT NULL AUTO_INCREMENT,AUTO_INCREMENT=12;
--
-- AUTO_INCREMENT de la tabla `paquetes`
--
ALTER TABLE `paquetes`
  MODIFY `id` int(11) NOT NULL AUTO_INCREMENT,AUTO_INCREMENT=3;
--
-- AUTO_INCREMENT de la tabla `tipos`
--
ALTER TABLE `tipos`
  MODIFY `id` int(11) NOT NULL AUTO_INCREMENT,AUTO_INCREMENT=4;
--
-- Restricciones para tablas volcadas
--

--
-- Filtros para la tabla `clases`
--
ALTER TABLE `clases`
ADD CONSTRAINT `fk_clases_instructores1` FOREIGN KEY (`instructor_id`) REFERENCES `instructores` (`id`) ON DELETE NO ACTION ON UPDATE NO ACTION;

--
-- Filtros para la tabla `cursos`
--
ALTER TABLE `cursos`
ADD CONSTRAINT `fk_cursos_clases1` FOREIGN KEY (`clase_id`) REFERENCES `clases` (`id`) ON DELETE NO ACTION ON UPDATE NO ACTION,
ADD CONSTRAINT `fk_cursos_miembros1` FOREIGN KEY (`miembro_id`) REFERENCES `miembros` (`id`) ON DELETE NO ACTION ON UPDATE NO ACTION;

--
-- Filtros para la tabla `empleados`
--
ALTER TABLE `empleados`
ADD CONSTRAINT `fk_empleados_tipos1` FOREIGN KEY (`tipo_id`) REFERENCES `tipos` (`id`) ON DELETE NO ACTION ON UPDATE NO ACTION;

--
-- Filtros para la tabla `inscripciones`
--
ALTER TABLE `inscripciones`
ADD CONSTRAINT `fk_inscripciones_empleados1` FOREIGN KEY (`empleado_id`) REFERENCES `empleados` (`id`) ON DELETE NO ACTION ON UPDATE NO ACTION,
ADD CONSTRAINT `fk_inscripciones_miembros1` FOREIGN KEY (`miembro_id`) REFERENCES `miembros` (`id`) ON DELETE NO ACTION ON UPDATE NO ACTION,
ADD CONSTRAINT `fk_inscripciones_paquetes1` FOREIGN KEY (`paquete_id`) REFERENCES `paquetes` (`id`) ON DELETE NO ACTION ON UPDATE NO ACTION;

/*!40101 SET CHARACTER_SET_CLIENT=@OLD_CHARACTER_SET_CLIENT */;
/*!40101 SET CHARACTER_SET_RESULTS=@OLD_CHARACTER_SET_RESULTS */;
/*!40101 SET COLLATION_CONNECTION=@OLD_COLLATION_CONNECTION */;
